sex,group_type,group,metric,m,estimate,standard_error,df,conf_low,conf_high,p_value,z_sd,unweighted_n,percent,percent_low,percent_high
Female,cycle,2011-2012,P10,5,0.07857402669572736,0.010007613824191564,40151.59066403935,0.05895887273305407,0.09818918065840064,4.214966886927341e-15,0.970676180538167,1394,7.8574026695727355,5.895887273305407,9.818918065840064
Female,cycle,2011-2012,P5,5,0.03452180852752632,0.006239476565729123,Inf,0.02229265917631558,0.046750957878737065,3.1514937472325514e-8,0.970676180538167,1394,3.4521808527526323,2.229265917631558,4.6750957878737065
Female,cycle,2011-2012,mean_z,5,0.0948399039162071,0.04877202298788183,6182340.97761962,-7.515233078737721e-4,0.19043133114028798,0.05182854886147943,0.970676180538167,1394,NA,NA,NA
Female,cycle,2013-2014,P10,5,0.08952488043803251,0.010004005962910288,76241.73132465882,0.06991707776882054,0.10913268310724449,3.6684819824363044e-19,1.0110166175566258,1732,8.952488043803251,6.991707776882055,10.91326831072445
Female,cycle,2013-2014,P5,5,0.03825804542463347,0.005975315405389695,125482.14723612648,0.026546529467906012,0.04996956138136093,1.5320746925757382e-10,1.0110166175566258,1732,3.8258045424633473,2.654652946790601,4.996956138136093
Female,cycle,2013-2014,mean_z,5,0.07775690824013677,0.0523734775701879,2316194.7625237885,-0.02489327518404634,0.1804070916643199,0.1376335375841472,1.0110166175566258,1732,NA,NA,NA
Female,cycle,2015-2016,P10,5,0.07091925491030678,0.00813455847003937,Inf,0.054975813278894364,0.08686269654171919,2.8249147776874728e-18,0.9914485754410228,1527,7.091925491030677,5.497581327889437,8.68626965417192
Female,cycle,2015-2016,P5,5,0.0304843911610047,0.00514108159122379,339665.60384558287,0.020408020494478464,0.04056076182753093,3.040253492837856e-9,0.9914485754410228,1527,3.04843911610047,2.0408020494478465,4.056076182753094
Female,cycle,2015-2016,mean_z,5,0.2674030582106119,0.03760189722668546,993494.6579171575,0.19370460410983678,0.34110151231138697,1.1492801072559043e-12,0.9914485754410228,1527,NA,NA,NA
Female,cycle,2017-2018,P10,5,0.0746068560587765,0.01029616075008692,374612.59937704116,0.05442668660791078,0.09478702550964221,4.298107005284398e-13,1.0095068188735687,1286,7.46068560587765,5.442668660791078,9.478702550964222
Female,cycle,2017-2018,P5,5,0.03492329229753033,0.008537955828001605,128662.19294039939,0.018189048948919526,0.05165753564614113,4.309704089482361e-5,1.0095068188735687,1286,3.492329229753033,1.8189048948919526,5.165753564614113
Female,cycle,2017-2018,mean_z,5,0.1313075580853583,0.049330587546634,3821417.4470138354,0.03462135253415277,0.22799376363656382,0.007772717775356875,1.0095068188735687,1286,NA,NA,NA
Male,cycle,2011-2012,P10,5,0.10352115540162453,0.010810831845950131,14036978.93312384,0.08233231251359609,0.12470999828965297,1.0119661686693628e-21,1.0111713926863817,1553,10.352115540162453,8.233231251359609,12.470999828965297
Male,cycle,2011-2012,P5,5,0.04625512369739349,0.005680147973718962,3287.0747721157586,0.03511813741342225,0.057392109981364736,5.403959305063598e-16,1.0111713926863817,1553,4.625512369739349,3.511813741342225,5.739210998136474
Male,cycle,2011-2012,mean_z,5,0.11428570983308972,0.04441987361358774,7948217.7990158545,0.02722434409482133,0.20134707557135811,0.010086484284858812,1.0111713926863817,1553,NA,NA,NA
Male,cycle,2013-2014,P10,5,0.0994857306452222,0.008630649345454369,26985.900230801984,0.08256921003005406,0.11640225126039035,1.137654575392915e-30,1.0425317997713983,1669,9.94857306452222,8.256921003005406,11.640225126039034
Male,cycle,2013-2014,P5,5,0.04901207645819066,0.006210593395356096,8168.898456934683,0.03683773324405519,0.06118641967232613,3.3676150628377486e-15,1.0425317997713983,1669,4.901207645819066,3.683773324405519,6.118641967232613
Male,cycle,2013-2014,mean_z,5,0.04098865818787033,0.04429025157819702,5306351.062763324,-0.04581865957213464,0.12779597594787528,0.35472904813184203,1.0425317997713983,1669,NA,NA,NA
Male,cycle,2015-2016,P10,5,0.07662687795363106,0.010766672585411327,63940.133657404134,0.0555241879863667,0.09772956792089542,1.1142147888191357e-12,1.0248203761384853,1478,7.662687795363106,5.55241879863667,9.772956792089541
Male,cycle,2015-2016,P5,5,0.03844499408844318,0.007553217845619004,Inf,0.023640959143644717,0.05324902903324164,3.582847646521846e-7,1.0248203761384853,1478,3.844499408844318,2.3640959143644715,5.324902903324165
Male,cycle,2015-2016,mean_z,5,0.2283161190807915,0.056291770086944,17096819.20431808,0.11798626927360018,0.3386459688879828,4.993300577713922e-5,1.0248203761384853,1478,NA,NA,NA
Male,cycle,2017-2018,P10,5,0.09637795509051385,0.013033779814778008,6974385.8284387905,0.0708322116378064,0.1219236985432213,1.4198414871453824e-13,1.0650857221676104,1157,9.637795509051385,7.08322116378064,12.19236985432213
Male,cycle,2017-2018,P5,5,0.04647524187205513,0.00883299188644959,11671927.290218621,0.029162894103609963,0.0637875896405003,1.4284736312292942e-7,1.0650857221676104,1157,4.647524187205513,2.916289410360996,6.3787589640500295
Male,cycle,2017-2018,mean_z,5,0.20893387506873634,0.05597926404017842,16297101.033629792,0.0992165255203623,0.3186512246171104,1.8970676383279626e-4,1.0650857221676104,1157,NA,NA,NA
