sex,outcome,record_type,height_point,height_cm,linear_log_OR_per10cm,linear_OR_per10cm,linear_OR_low,linear_OR_high,linear_p,spline_global_p,spline_nonlinearity_p,predicted_prevalence,predicted_low,predicted_high,knot_spec,section,height_quintile,m,estimate,standard_error,df,conf_low,conf_high,p_value,unweighted_n,percent,percent_low,percent_high
Female,conditional_P5,model_test,NA,NA,-0.4794584380239214,0.6191185921202517,0.47657972909412216,0.8042889944932197,3.289952626545462e-4,0.003294443550386078,0.8609685875936426,NA,NA,NA,151.2;160;165.1;173.8,continuous_height,NA,NA,NA,NA,NA,NA,NA,NA,NA,NA,NA,NA
Female,conditional_P10,model_test,NA,NA,-0.11088271521307747,0.8950437177850125,0.7464441403199288,1.0732259970626352,0.23128585364492552,0.6405353875786878,0.6949108865097207,NA,NA,NA,151.2;160;165.1;173.8,continuous_height,NA,NA,NA,NA,NA,NA,NA,NA,NA,NA,NA,NA
Female,EWGSOP2_low,model_test,NA,NA,-0.1492044942620587,0.8613929469718735,0.7483574121316382,0.9915019174853437,0.037628915045158084,0.18634523885306145,0.3561754120960835,NA,NA,NA,151.2;160;165.1;173.8,continuous_height,NA,NA,NA,NA,NA,NA,NA,NA,NA,NA,NA,NA
Female,FNIH_low,model_test,NA,NA,-3.3433678377919818,0.03531781253958965,0.02607198001896525,0.04784246849200757,2.2704742054125984e-103,2.124679035152659e-92,0.1806336095841221,NA,NA,NA,151.2;160;165.1;173.8,continuous_height,NA,NA,NA,NA,NA,NA,NA,NA,NA,NA,NA,NA
Male,conditional_P5,model_test,NA,NA,0.01351289156074955,1.0136046033112993,0.8135447108256791,1.2628614975704755,0.9041109357980689,0.19063085396344137,0.09964433256689796,NA,NA,NA,163.6;172.8;178.3;186.4,continuous_height,NA,NA,NA,NA,NA,NA,NA,NA,NA,NA,NA,NA
Male,conditional_P10,model_test,NA,NA,0.04633728556496962,1.0474276336063038,0.875449294548141,1.2531903954624428,0.6125990544836208,0.6726248137839572,0.6205849073927754,NA,NA,NA,163.6;172.8;178.3;186.4,continuous_height,NA,NA,NA,NA,NA,NA,NA,NA,NA,NA,NA,NA
Male,EWGSOP2_low,model_test,NA,NA,-0.2012146860181975,0.8177368560381734,0.6818011239119254,0.9807751003496112,0.03006442660429625,0.009410534932902405,0.2271360957545387,NA,NA,NA,163.6;172.8;178.3;186.4,continuous_height,NA,NA,NA,NA,NA,NA,NA,NA,NA,NA,NA,NA
Male,FNIH_low,model_test,NA,NA,-2.290765667880379,0.10118895505270287,0.08194911056376417,0.12494589086102223,1.4130606696923275e-100,4.219741419227736e-89,4.729757111712801e-4,NA,NA,NA,163.6;172.8;178.3;186.4,continuous_height,NA,NA,NA,NA,NA,NA,NA,NA,NA,NA,NA,NA
Female,EWGSOP2_low,NA,NA,NA,NA,NA,NA,NA,NA,NA,NA,NA,NA,NA,NA,height_quintile,Q1,5,0.12834443490439268,0.011047104377959499,Inf,0.10669250819013731,0.14999636161864804,3.3415186776243864e-31,1557,12.834443490439268,10.669250819013731,14.999636161864805
Female,EWGSOP2_low,NA,NA,NA,NA,NA,NA,NA,NA,NA,NA,NA,NA,NA,NA,height_quintile,Q2,5,0.1274942351208417,0.014328020325725587,Inf,0.09941183131266171,0.1555766389290217,5.673667095149059e-19,1330,12.74942351208417,9.94118313126617,15.557663892902172
Female,EWGSOP2_low,NA,NA,NA,NA,NA,NA,NA,NA,NA,NA,NA,NA,NA,NA,height_quintile,Q3,5,0.12602788885431096,0.011332565241245459,Inf,0.1038164691290194,0.14823930857960252,9.930833883615004e-29,1091,12.602788885431096,10.38164691290194,14.823930857960251
Female,EWGSOP2_low,NA,NA,NA,NA,NA,NA,NA,NA,NA,NA,NA,NA,NA,NA,height_quintile,Q4,5,0.08550289898077992,0.011896980860461726,Inf,0.0621852449695126,0.10882055299204724,6.625904705735073e-13,1042,8.550289898077992,6.21852449695126,10.882055299204724
Female,EWGSOP2_low,NA,NA,NA,NA,NA,NA,NA,NA,NA,NA,NA,NA,NA,NA,height_quintile,Q5,5,0.09992191931222484,0.013300936116873191,Inf,0.07385256356248535,0.12599127506196434,5.805419113434117e-14,919,9.992191931222484,7.385256356248535,12.599127506196433
Female,FNIH_low,NA,NA,NA,NA,NA,NA,NA,NA,NA,NA,NA,NA,NA,NA,height_quintile,Q1,5,0.26512403119803685,0.01830509160249319,Inf,0.22924671092344362,0.3010013514726301,1.5377525004430204e-47,1557,26.512403119803686,22.92467109234436,30.100135147263007
Female,FNIH_low,NA,NA,NA,NA,NA,NA,NA,NA,NA,NA,NA,NA,NA,NA,height_quintile,Q2,5,0.04743258658180807,0.007978894210202042,Inf,0.031794241293356916,0.06307093187025922,2.7686740021897635e-9,1330,4.743258658180808,3.1794241293356915,6.307093187025922
Female,FNIH_low,NA,NA,NA,NA,NA,NA,NA,NA,NA,NA,NA,NA,NA,NA,height_quintile,Q3,5,0.014709555044095175,0.004013138294526872,Inf,0.0068439485218440115,0.022575161566346338,2.470008876863092e-4,1091,1.4709555044095175,0.6843948521844011,2.2575161566346336
Female,FNIH_low,NA,NA,NA,NA,NA,NA,NA,NA,NA,NA,NA,NA,NA,NA,height_quintile,Q4,5,4.7777961307301543e-4,4.7223736974457927e-4,Inf,-4.4778862378028477e-4,0.0014033478499263156,0.31166423138247845,1042,0.047777961307301546,0,0.14033478499263155
Female,FNIH_low,NA,NA,NA,NA,NA,NA,NA,NA,NA,NA,NA,NA,NA,NA,height_quintile,Q5,5,0,0,Inf,0,0,NA,919,0,0,0
Female,conditional_P10,NA,NA,NA,NA,NA,NA,NA,NA,NA,NA,NA,NA,NA,NA,height_quintile,Q1,5,0.0904436716160985,0.011289132228698616,5986156.58311615,0.0683173745573352,0.11256996867486178,1.1327345320612945e-15,1557,9.04436716160985,6.831737455733521,11.256996867486178
Female,conditional_P10,NA,NA,NA,NA,NA,NA,NA,NA,NA,NA,NA,NA,NA,NA,height_quintile,Q2,5,0.08871351645426634,0.011922687167948996,36055.43367576987,0.06534469452574618,0.1120823383827865,1.023556512787258e-13,1330,8.871351645426634,6.534469452574617,11.20823383827865
Female,conditional_P10,NA,NA,NA,NA,NA,NA,NA,NA,NA,NA,NA,NA,NA,NA,height_quintile,Q3,5,0.07911328384846321,0.010220184241595664,169750.16782043834,0.059081947990735316,0.0991446197061911,9.926689479594667e-15,1091,7.911328384846321,5.908194799073532,9.91446197061911
Female,conditional_P10,NA,NA,NA,NA,NA,NA,NA,NA,NA,NA,NA,NA,NA,NA,height_quintile,Q4,5,0.0633971202216072,0.010096608301806543,5029.331159112128,0.043603368016109936,0.08319087242710448,3.6928657789451927e-10,1042,6.339712022160721,4.360336801610994,8.319087242710447
Female,conditional_P10,NA,NA,NA,NA,NA,NA,NA,NA,NA,NA,NA,NA,NA,NA,height_quintile,Q5,5,0.07176437104557784,0.009842956139520118,242888.75194320938,0.05247243537502805,0.09105630671612763,3.08737091697143e-13,919,7.176437104557784,5.247243537502805,9.105630671612763
Female,conditional_P5,NA,NA,NA,NA,NA,NA,NA,NA,NA,NA,NA,NA,NA,NA,height_quintile,Q1,5,0.05073959930028421,0.007834015790940443,13932.509846417695,0.0353838764936206,0.06609532210694782,9.681152005528856e-11,1557,5.073959930028421,3.53838764936206,6.609532210694782
Female,conditional_P5,NA,NA,NA,NA,NA,NA,NA,NA,NA,NA,NA,NA,NA,NA,height_quintile,Q2,5,0.04245824455780393,0.008685634852158855,51080824.79308034,0.025434712661332588,0.05948177645427527,1.0169555665697626e-6,1330,4.245824455780393,2.543471266133259,5.948177645427527
Female,conditional_P5,NA,NA,NA,NA,NA,NA,NA,NA,NA,NA,NA,NA,NA,NA,height_quintile,Q3,5,0.034021047586776564,0.0065877841931785185,54404.958088303974,0.021108940570510625,0.0469331546030425,2.4223709095642393e-7,1091,3.4021047586776563,2.1108940570510626,4.69331546030425
Female,conditional_P5,NA,NA,NA,NA,NA,NA,NA,NA,NA,NA,NA,NA,NA,NA,height_quintile,Q4,5,0.023869807624882992,0.005578372608629724,Inf,0.012936398219623986,0.034803217030142,1.8774223586837162e-5,1042,2.386980762488299,1.2936398219623986,3.4803217030141997
Female,conditional_P5,NA,NA,NA,NA,NA,NA,NA,NA,NA,NA,NA,NA,NA,NA,height_quintile,Q5,5,0.021676094965495496,0.006498933589648433,Inf,0.008938419191866961,0.03441377073912403,8.519790820649021e-4,919,2.1676094965495496,0.8938419191866961,3.441377073912403
Male,EWGSOP2_low,NA,NA,NA,NA,NA,NA,NA,NA,NA,NA,NA,NA,NA,NA,height_quintile,Q1,5,0.08202039842222585,0.008514195575963694,Inf,0.06533288173600675,0.09870791510844494,5.780190206642663e-22,1503,8.202039842222584,6.533288173600675,9.870791510844494
Male,EWGSOP2_low,NA,NA,NA,NA,NA,NA,NA,NA,NA,NA,NA,NA,NA,NA,height_quintile,Q2,5,0.0648300853511562,0.009006479580282016,Inf,0.04717770974630803,0.08248246095600437,6.103029215575301e-13,1258,6.483008535115619,4.7177709746308025,8.248246095600436
Male,EWGSOP2_low,NA,NA,NA,NA,NA,NA,NA,NA,NA,NA,NA,NA,NA,NA,height_quintile,Q3,5,0.07975047217601215,0.012368196569722047,Inf,0.055509252345645105,0.1039916920063792,1.1331517341807432e-10,1156,7.975047217601215,5.55092523456451,10.39916920063792
Male,EWGSOP2_low,NA,NA,NA,NA,NA,NA,NA,NA,NA,NA,NA,NA,NA,NA,height_quintile,Q4,5,0.0691500150688863,0.011370400545806484,Inf,0.04686443950931102,0.09143559062846157,1.1900301491460716e-9,1016,6.915001506888629,4.6864439509311016,9.143559062846156
Male,EWGSOP2_low,NA,NA,NA,NA,NA,NA,NA,NA,NA,NA,NA,NA,NA,NA,height_quintile,Q5,5,0.06339212517659586,0.009962800567885698,Inf,0.0438653948783847,0.08291885547480701,1.980027078120603e-10,924,6.339212517659585,4.38653948783847,8.291885547480701
Male,FNIH_low,NA,NA,NA,NA,NA,NA,NA,NA,NA,NA,NA,NA,NA,NA,height_quintile,Q1,5,0.25502248986416176,0.0178094950058557,Inf,0.22011652106983864,0.2899284586584849,1.653849119957332e-46,1503,25.502248986416177,22.011652106983863,28.992845865848487
Male,FNIH_low,NA,NA,NA,NA,NA,NA,NA,NA,NA,NA,NA,NA,NA,NA,height_quintile,Q2,5,0.10128468129136876,0.013746634409308746,Inf,0.0743417729404846,0.12822758964225295,1.7325602704616237e-13,1258,10.128468129136877,7.434177294048459,12.822758964225295
Male,FNIH_low,NA,NA,NA,NA,NA,NA,NA,NA,NA,NA,NA,NA,NA,NA,height_quintile,Q3,5,0.03842335512101838,0.007119944393184727,Inf,0.024468520538448432,0.05237818970358833,6.792283569328142e-8,1156,3.842335512101838,2.446852053844843,5.237818970358833
Male,FNIH_low,NA,NA,NA,NA,NA,NA,NA,NA,NA,NA,NA,NA,NA,NA,height_quintile,Q4,5,0.004278029499644417,0.00152718466938759,Inf,0.0012848025499030313,0.007271256449385803,0.005090471045505144,1016,0.4278029499644417,0.12848025499030313,0.7271256449385803
Male,FNIH_low,NA,NA,NA,NA,NA,NA,NA,NA,NA,NA,NA,NA,NA,NA,height_quintile,Q5,5,0.00445843714806904,0.0024093594229809205,Inf,-2.6382054678577e-4,0.009180694842923848,0.06424644670392092,924,0.445843714806904,0,0.9180694842923849
Male,conditional_P10,NA,NA,NA,NA,NA,NA,NA,NA,NA,NA,NA,NA,NA,NA,height_quintile,Q1,5,0.07159448874814034,0.007499359309090206,220669683.61259884,0.05689601451457779,0.08629296298170289,1.3383343344222154e-21,1503,7.159448874814034,5.689601451457779,8.629296298170289
Male,conditional_P10,NA,NA,NA,NA,NA,NA,NA,NA,NA,NA,NA,NA,NA,NA,height_quintile,Q2,5,0.09597960902410205,0.010664361922757593,131752.45729412348,0.07507765171830316,0.11688156632990093,2.285453717956909e-19,1258,9.597960902410204,7.507765171830316,11.688156632990093
Male,conditional_P10,NA,NA,NA,NA,NA,NA,NA,NA,NA,NA,NA,NA,NA,NA,height_quintile,Q3,5,0.11300017001638105,0.014374198727719953,982685.4468774772,0.08482722350306784,0.14117311652969425,3.804889756367132e-15,1156,11.300017001638105,8.482722350306785,14.117311652969425
Male,conditional_P10,NA,NA,NA,NA,NA,NA,NA,NA,NA,NA,NA,NA,NA,NA,height_quintile,Q4,5,0.09627755060440828,0.01291636466747279,23444.96259979243,0.0709606340403173,0.12159446716849925,9.374421299749029e-14,1016,9.627755060440828,7.09606340403173,12.159446716849926
Male,conditional_P10,NA,NA,NA,NA,NA,NA,NA,NA,NA,NA,NA,NA,NA,NA,height_quintile,Q5,5,0.0941118854290319,0.011360965919869964,589173.6310156307,0.07184475565217996,0.11637901520588384,1.1955885669073945e-16,924,9.41118854290319,7.184475565217996,11.637901520588384
Male,conditional_P5,NA,NA,NA,NA,NA,NA,NA,NA,NA,NA,NA,NA,NA,NA,height_quintile,Q1,5,0.035416150975161736,0.005307296019927007,284159.8859085943,0.025013997613367527,0.045818304336955946,2.5090142094516037e-11,1503,3.5416150975161735,2.5013997613367525,4.581830433695595
Male,conditional_P5,NA,NA,NA,NA,NA,NA,NA,NA,NA,NA,NA,NA,NA,NA,height_quintile,Q2,5,0.04038030289711115,0.007112970936299685,3360125.44045592,0.02643913101707638,0.05432147477714592,1.3709244432427196e-8,1258,4.038030289711115,2.643913101707638,5.432147477714592
Male,conditional_P5,NA,NA,NA,NA,NA,NA,NA,NA,NA,NA,NA,NA,NA,NA,height_quintile,Q3,5,0.056315935870899864,0.009877158438736594,80232844.8258345,0.03695706076933904,0.07567481097246069,1.1866527242835834e-8,1156,5.631593587089986,3.6957060769339036,7.567481097246069
Male,conditional_P5,NA,NA,NA,NA,NA,NA,NA,NA,NA,NA,NA,NA,NA,NA,height_quintile,Q4,5,0.04771896129874495,0.009267695812609989,590385.7420599568,0.029554574047089412,0.06588334855040048,2.620235794344414e-7,1016,4.771896129874495,2.955457404708941,6.588334855040048
Male,conditional_P5,NA,NA,NA,NA,NA,NA,NA,NA,NA,NA,NA,NA,NA,NA,height_quintile,Q5,5,0.04577013767810251,0.009226294539660063,2654.8346568073657,0.027678684666156295,0.06386159069004872,7.462199371905337e-7,924,4.577013767810251,2.7678684666156297,6.386159069004872
