domain,comparison,model,group,measure,m,estimate,standard_error,df,conf_low,conf_high,p_value,analysis_n,unweighted_group_n,percent,percent_low,percent_high
Full sample,EWGSOP2,M1,Both low,difference_vs_neither_kg,5,-12.314411298529945,0.9337360853274403,8011.6094014598,-14.14477692108269,-10.484045675977201,2.6258338046072808e-39,6048,293.2,NA,NA,NA
Full sample,EWGSOP2,M1,Both low,grip_mean_kg,5,65.61792603008166,0.9734124451854291,9354.396161432755,63.709825806996605,67.52602625316672,0,6048,293.2,NA,NA,NA
Full sample,EWGSOP2,M1,Both low,weighted_prevalence,5,0.041939120249388714,0.003949903702605861,7156.064064428031,0.03419614161920127,0.049682098879576156,3.8536135087328794e-26,6048,293.2,4.1939120249388715,3.4196141619201272,4.968209887957616
Full sample,EWGSOP2,M1,Conventional-only low,difference_vs_neither_kg,5,-6.934007640785864,0.6387934236583155,651.2221465735748,-8.188350997966333,-5.679664283605394,2.405899224018727e-25,6048,335.8,NA,NA,NA
Full sample,EWGSOP2,M1,Conventional-only low,grip_mean_kg,5,70.99832968782574,0.6645479866823415,769.6181542584492,69.69378799456803,72.30287138108346,0,6048,335.8,NA,NA,NA
Full sample,EWGSOP2,M1,Conventional-only low,weighted_prevalence,5,0.05436826028976627,0.00472189280031815,14614.793438724,0.045112753942902706,0.06362376663662983,1.5175386176821427e-30,6048,335.8,5.436826028976627,4.511275394290271,6.3623766636629835
Full sample,EWGSOP2,M1,Neither low,difference_vs_neither_kg,5,0,0,Inf,0,0,NA,6048,5419,NA,NA,NA
Full sample,EWGSOP2,M1,Neither low,grip_mean_kg,5,77.93233732861161,0.22606526275896463,353114507055.6227,77.48925755544694,78.37541710177628,0,6048,5419,NA,NA,NA
Full sample,EWGSOP2,M1,Neither low,weighted_prevalence,5,0.903692619460845,0.007530993264003978,Inf,0.8889321438955835,0.9184530950261065,0,6048,5419,90.3692619460845,88.89321438955835,91.84530950261065
Full sample,EWGSOP2,M2,Both low,difference_vs_neither_kg,5,-10.2375695001594,1.008403942903571,7261.145490519826,-12.214334417314602,-8.2608045830042,4.6847979041041725e-24,6045,293.2,NA,NA,NA
Full sample,EWGSOP2,M2,Both low,grip_mean_kg,5,67.51376292563278,1.024666640901458,7642.230048312646,65.50513509076069,69.52239076050486,0,6045,293.2,NA,NA,NA
Full sample,EWGSOP2,M2,Both low,weighted_prevalence,5,0.041953830164441853,0.003948849984190382,7138.410704803256,0.03421291389536442,0.04969474643351929,3.6000050168107746e-26,6045,293.2,4.195383016444185,3.421291389536442,4.969474643351929
Full sample,EWGSOP2,M2,Conventional-only low,difference_vs_neither_kg,5,-5.130602134370722,0.6880300416726235,696.9655486049434,-6.4814620966283005,-3.779742172113144,2.637717706883548e-13,6045,335.8,NA,NA,NA
Full sample,EWGSOP2,M2,Conventional-only low,grip_mean_kg,5,72.62073029142145,0.6911143271582901,717.0032902609851,71.26388068659244,73.97757989625046,0,6045,335.8,NA,NA,NA
Full sample,EWGSOP2,M2,Conventional-only low,weighted_prevalence,5,0.05438732965711812,0.0047230417500913205,14608.516938040138,0.045129570894127086,0.06364508842010916,1.4963128409924675e-30,6045,335.8,5.438732965711813,4.5129570894127085,6.364508842010916
Full sample,EWGSOP2,M2,Neither low,difference_vs_neither_kg,5,0,0,Inf,0,0,NA,6045,5416,NA,NA,NA
Full sample,EWGSOP2,M2,Neither low,grip_mean_kg,5,77.75133242579217,0.23230785445287977,176809458266.37628,77.29601739773564,78.2066474538487,0,6045,5416,NA,NA,NA
Full sample,EWGSOP2,M2,Neither low,weighted_prevalence,5,0.90365884017844,0.0075301334619523735,Inf,0.8889000497942334,0.9184176305626466,0,6045,5416,90.365884017844,88.89000497942334,91.84176305626465
Full sample,EWGSOP2,M3,Both low,difference_vs_neither_kg,5,-8.012939803149946,0.8461973191894784,16566.15102367251,-9.671577256653576,-6.354302349646316,3.1862910659122776e-21,5992,291.2,NA,NA,NA
Full sample,EWGSOP2,M3,Both low,grip_mean_kg,5,69.59136079577809,0.8385491531203455,15877.224138706955,67.9477093564634,71.23501223509277,0,5992,291.2,NA,NA,NA
Full sample,EWGSOP2,M3,Both low,weighted_prevalence,5,0.041965551920329865,0.003953708003952407,6975.122798989951,0.03421508172358505,0.04971602211707468,4.0458924712859866e-26,5992,291.2,4.196555192032987,3.4215081723585046,4.971602211707468
Full sample,EWGSOP2,M3,Conventional-only low,difference_vs_neither_kg,5,-3.6260538562579665,0.6795352615065726,2381.156799275475,-4.958595832934502,-2.2935118795814313,1.0395483735998982e-7,5992,331.8,NA,NA,NA
Full sample,EWGSOP2,M3,Conventional-only low,grip_mean_kg,5,73.97824674267005,0.6667602038640371,2217.383349904866,72.67070703935708,75.28578644598302,0,5992,331.8,NA,NA,NA
Full sample,EWGSOP2,M3,Conventional-only low,weighted_prevalence,5,0.053999978050735725,0.004549099350160181,12224.614627142417,0.0450830242921309,0.06291693180934055,2.53567185430592e-32,5992,331.8,5.399997805073572,4.50830242921309,6.291693180934055
Full sample,EWGSOP2,M3,Neither low,difference_vs_neither_kg,5,0,0,Inf,0,0,NA,5992,5369,NA,NA,NA
Full sample,EWGSOP2,M3,Neither low,grip_mean_kg,5,77.60430059892802,0.23793206458675337,11172292758788.93,77.13796232157067,78.07063887628537,0,5992,5369,NA,NA,NA
Full sample,EWGSOP2,M3,Neither low,weighted_prevalence,5,0.9040344700289344,0.007305107122992216,Inf,0.8897167231646627,0.9183522168932062,0,5992,5369,90.40344700289344,88.97167231646627,91.83522168932062
Full sample,EWGSOP2,Raw,Both low,difference_vs_neither_kg,5,-12.37570136109677,1.012646459322069,20056.21606569031,-14.36057173447953,-10.39083098771401,3.1724809702280913e-34,6048,293.2,NA,NA,NA
Full sample,EWGSOP2,Raw,Both low,grip_mean_kg,5,66.20310065186766,1.0552982981922883,23654.760570324437,64.1346481561614,68.27155314757391,0,6048,293.2,NA,NA,NA
Full sample,EWGSOP2,Raw,Both low,weighted_prevalence,5,0.041939120249388714,0.003949903702605861,7156.064064428031,0.03419614161920127,0.049682098879576156,3.8536135087328794e-26,6048,293.2,4.1939120249388715,3.4196141619201272,4.968209887957616
Full sample,EWGSOP2,Raw,Conventional-only low,difference_vs_neither_kg,5,-18.7812800849099,0.9126706460733031,4715.378738143662,-20.570540954508083,-16.992019215311714,3.534337700674041e-90,6048,335.8,NA,NA,NA
Full sample,EWGSOP2,Raw,Conventional-only low,grip_mean_kg,5,59.79752192805452,0.9475007089777605,5477.450034444326,57.940044213564924,61.65499964254412,0,6048,335.8,NA,NA,NA
Full sample,EWGSOP2,Raw,Conventional-only low,weighted_prevalence,5,0.05436826028976627,0.00472189280031815,14614.793438724,0.045112753942902706,0.06362376663662983,1.5175386176821427e-30,6048,335.8,5.436826028976627,4.511275394290271,6.3623766636629835
Full sample,EWGSOP2,Raw,Neither low,difference_vs_neither_kg,5,0,0,Inf,0,0,NA,6048,5419,NA,NA,NA
Full sample,EWGSOP2,Raw,Neither low,grip_mean_kg,5,78.57880201296442,0.3981657318666097,6847502692826757e39,77.79841151862783,79.359192507301,0,6048,5419,NA,NA,NA
Full sample,EWGSOP2,Raw,Neither low,weighted_prevalence,5,0.903692619460845,0.007530993264003978,Inf,0.8889321438955835,0.9184530950261065,0,6048,5419,90.3692619460845,88.89321438955835,91.84530950261065
Full sample,FNIH,M1,Both low,difference_vs_neither_kg,5,-20.70148209863143,4.5911644208113636,112264.39761426007,-29.700096027947716,-11.702868169315147,6.520492202705557e-6,6045,28,NA,NA,NA
Full sample,FNIH,M1,Both low,grip_mean_kg,5,57.16158666395486,4.5352029971228065,101713.41973642951,48.27264635083162,66.05052697707809,2.1376478227217042e-36,6045,28,NA,NA,NA
Full sample,FNIH,M1,Both low,weighted_prevalence,5,0.003310924706984524,8.158317415842439e-4,28982.664366474433,0.0017118570963351423,0.0049099923176339055,4.955175163131355e-5,6045,28,0.33109247069845243,0.17118570963351423,0.49099923176339055
Full sample,FNIH,M1,Conditional-only low,difference_vs_neither_kg,5,-11.441536009657918,1.135995052013729,7163.945006787058,-13.668421634498246,-9.21465038481759,1.057895137440592e-23,6045,265.2,NA,NA,NA
Full sample,FNIH,M1,Conditional-only low,grip_mean_kg,5,66.42153275292837,1.1648379920231335,10865.980631751816,64.13823790435211,68.70482760150463,0,6045,265.2,NA,NA,NA
Full sample,FNIH,M1,Conditional-only low,weighted_prevalence,5,0.03864290545745733,0.003737422792958817,8637.950348172206,0.03131666482506263,0.045969146089852024,6.525837171834887e-25,6045,265.2,3.8642905457457326,3.131666482506263,4.596914608985203
Full sample,FNIH,M1,Conventional-only low,difference_vs_neither_kg,5,-4.723769578717099,0.8149801516762266,1584240216.4779854,-6.32110132533786,-3.1264378320963377,6.784349068387715e-9,6045,398,NA,NA,NA
Full sample,FNIH,M1,Conventional-only low,grip_mean_kg,5,73.13929918386918,0.7534210230269599,10161057.117679272,71.66262093764207,74.6159774300963,0,6045,398,NA,NA,NA
Full sample,FNIH,M1,Conventional-only low,weighted_prevalence,5,0.06556206452270248,0.004846967997243373,36109088.26237542,0.0560621814954543,0.07506194754995067,1.092582772032936e-41,6045,398,6.556206452270248,5.6062181495454295,7.506194754995067
Full sample,FNIH,M1,Neither low,difference_vs_neither_kg,5,0,0,Inf,0,0,NA,6045,5353.8,NA,NA,NA
Full sample,FNIH,M1,Neither low,grip_mean_kg,5,77.8630687625863,0.23413000690602678,382086.8480511778,77.40418092769758,78.32195659747501,0,6045,5353.8,NA,NA,NA
Full sample,FNIH,M1,Neither low,weighted_prevalence,5,0.8924841053128556,0.005752346227075265,48473.218344762005,0.8812094323554072,0.903758778270304,0,6045,5353.8,89.24841053128556,88.12094323554072,90.37587782703041
Full sample,FNIH,M2,Both low,difference_vs_neither_kg,5,-18.800207092791204,4.7309664060712375,183400.4034992004,-28.07279205587212,-9.527622129710288,7.074360267318178e-5,6045,28,NA,NA,NA
Full sample,FNIH,M2,Both low,grip_mean_kg,5,59.139183133160834,4.690365431288006,170717.3960779316,49.946170636218845,68.33219563010283,1.9642309912378163e-36,6045,28,NA,NA,NA
Full sample,FNIH,M2,Both low,weighted_prevalence,5,0.003310924706984524,8.158317415842439e-4,28982.664366474433,0.0017118570963351423,0.0049099923176339055,4.955175163131355e-5,6045,28,0.33109247069845243,0.17118570963351423,0.49099923176339055
Full sample,FNIH,M2,Conditional-only low,difference_vs_neither_kg,5,-8.572885058811275,1.1926194424596057,4318.585736196686,-10.911031519588766,-6.234738598033784,7.693705002016793e-13,6045,265.2,NA,NA,NA
Full sample,FNIH,M2,Conditional-only low,grip_mean_kg,5,69.36650516714076,1.21335434305109,5884.548376251432,66.98788510896954,71.74512522531198,0,6045,265.2,NA,NA,NA
Full sample,FNIH,M2,Conditional-only low,weighted_prevalence,5,0.03864290545745733,0.003737422792958817,8637.950348172206,0.03131666482506263,0.045969146089852024,6.525837171834887e-25,6045,265.2,3.8642905457457326,3.131666482506263,4.596914608985203
Full sample,FNIH,M2,Conventional-only low,difference_vs_neither_kg,5,-7.674477570938917,0.7637726229331773,13375590.560673356,-9.171444539727016,-6.177510602150817,9.36566174909411e-24,6045,398,NA,NA,NA
Full sample,FNIH,M2,Conventional-only low,grip_mean_kg,5,70.26491265501312,0.722254751263064,1409299.4733777193,68.84931813910345,71.6805071709228,0,6045,398,NA,NA,NA
Full sample,FNIH,M2,Conventional-only low,weighted_prevalence,5,0.06556206452270248,0.004846967997243373,36109088.26237542,0.0560621814954543,0.07506194754995067,1.092582772032936e-41,6045,398,6.556206452270248,5.6062181495454295,7.506194754995067
Full sample,FNIH,M2,Neither low,difference_vs_neither_kg,5,0,0,Inf,0,0,NA,6045,5353.8,NA,NA,NA
Full sample,FNIH,M2,Neither low,grip_mean_kg,5,77.93939022595204,0.22709444353418387,487573.441290923,77.49429219061324,78.38448826129084,0,6045,5353.8,NA,NA,NA
Full sample,FNIH,M2,Neither low,weighted_prevalence,5,0.8924841053128556,0.005752346227075265,48473.218344762005,0.8812094323554072,0.903758778270304,0,6045,5353.8,89.24841053128556,88.12094323554072,90.37587782703041
Full sample,FNIH,M3,Both low,difference_vs_neither_kg,5,-14.395756986693447,4.724222578096744,132552.97119183574,-23.65514764384033,-5.136366329546567,0.002310121591333895,5992,28,NA,NA,NA
Full sample,FNIH,M3,Both low,grip_mean_kg,5,63.29163053705026,4.655499729402773,120340.21481251072,54.16692696243432,72.4163341116662,4.6046161920247793e-42,5992,28,NA,NA,NA
Full sample,FNIH,M3,Both low,weighted_prevalence,5,0.0033342309581984864,8.21419826701701e-4,28960.8389931847,0.001724210393891964,0.004944251522505008,4.9390031493863676e-5,5992,28,0.33342309581984864,0.1724210393891964,0.4944251522505008
Full sample,FNIH,M3,Conditional-only low,difference_vs_neither_kg,5,-6.9266602313046794,0.989671268410824,6561.189998783576,-8.866738165476319,-4.986582297133039,2.8349234074859774e-12,5992,263.2,NA,NA,NA
Full sample,FNIH,M3,Conditional-only low,grip_mean_kg,5,70.76072729243903,1.0132603872601613,9424.435720741467,68.77451834147269,72.74693624340537,0,5992,263.2,NA,NA,NA
Full sample,FNIH,M3,Conditional-only low,weighted_prevalence,5,0.03863132096213138,0.0037425857197532658,8445.459991882599,0.031294936327831105,0.04596770559643165,7.862012216202027e-25,5992,263.2,3.8631320962131377,3.1294936327831104,4.596770559643165
Full sample,FNIH,M3,Conventional-only low,difference_vs_neither_kg,5,-4.562053574021825,0.7023623214916984,288130180.6656391,-5.938658434026278,-3.1854487140173724,8.286856708977351e-11,5992,395,NA,NA,NA
Full sample,FNIH,M3,Conventional-only low,grip_mean_kg,5,73.12533394972188,0.6780187311500312,26694564.256376777,71.79644159557064,74.45422630387311,0,5992,395,NA,NA,NA
Full sample,FNIH,M3,Conventional-only low,weighted_prevalence,5,0.06568037183083769,0.0049163833147435575,37164933.36901267,0.05604443728592948,0.0753163063757459,1.0429926193951154e-40,5992,395,6.568037183083769,5.604443728592948,7.53163063757459
Full sample,FNIH,M3,Neither low,difference_vs_neither_kg,5,0,0,Inf,0,0,NA,5992,5305.8,NA,NA,NA
Full sample,FNIH,M3,Neither low,grip_mean_kg,5,77.68738752374371,0.2290646949557924,1064687.4853082898,77.23842846111225,78.13634658637517,0,5992,5305.8,NA,NA,NA
Full sample,FNIH,M3,Neither low,weighted_prevalence,5,0.8923540762488325,0.005739560776456584,46714.41561419473,0.88110445236367,0.9036037001339949,0,5992,5305.8,89.23540762488325,88.110445236367,90.36037001339949
Full sample,FNIH,Raw,Both low,difference_vs_neither_kg,5,-23.283782162990846,3.756419505216767,297181.8577409546,-30.646259089993755,-15.921305235987939,5.711536807066201e-10,6045,28,NA,NA,NA
Full sample,FNIH,Raw,Both low,grip_mean_kg,5,54.97854137990556,3.798095138719991,308986.0507822932,47.534382537791096,62.42270022202002,1.7991854057852207e-47,6045,28,NA,NA,NA
Full sample,FNIH,Raw,Both low,weighted_prevalence,5,0.003310924706984524,8.158317415842439e-4,28982.664366474433,0.0017118570963351423,0.0049099923176339055,4.955175163131355e-5,6045,28,0.33109247069845243,0.17118570963351423,0.49099923176339055
Full sample,FNIH,Raw,Conditional-only low,difference_vs_neither_kg,5,-11.097401973045077,1.1349843287916994,55342.76053029158,-13.321979032721309,-8.872824913368845,1.465702432915396e-22,6045,265.2,NA,NA,NA
Full sample,FNIH,Raw,Conditional-only low,grip_mean_kg,5,67.16492156985133,1.107947485173382,47488.17465614443,64.9933290532589,69.33651408644376,0,6045,265.2,NA,NA,NA
Full sample,FNIH,Raw,Conditional-only low,weighted_prevalence,5,0.03864290545745733,0.003737422792958817,8637.950348172206,0.03131666482506263,0.045969146089852024,6.525837171834887e-25,6045,265.2,3.8642905457457326,3.131666482506263,4.596914608985203
Full sample,FNIH,Raw,Conventional-only low,difference_vs_neither_kg,5,-10.887047093629361,0.8902805431577452,14833205.589703085,-12.631965036737677,-9.142129150521045,2.1826774628886064e-34,6045,398,NA,NA,NA
Full sample,FNIH,Raw,Conventional-only low,grip_mean_kg,5,67.37527644926705,0.8181418076014555,7409537.910635207,65.77174771018167,68.97880518835242,0,6045,398,NA,NA,NA
Full sample,FNIH,Raw,Conventional-only low,weighted_prevalence,5,0.06556206452270248,0.004846967997243373,36109088.26237542,0.0560621814954543,0.07506194754995067,1.092582772032936e-41,6045,398,6.556206452270248,5.6062181495454295,7.506194754995067
Full sample,FNIH,Raw,Neither low,difference_vs_neither_kg,5,0,0,Inf,0,0,NA,6045,5353.8,NA,NA,NA
Full sample,FNIH,Raw,Neither low,grip_mean_kg,5,78.2623235428964,0.3910141660202795,848732735.9909132,77.49594985895877,79.02869722683403,0,6045,5353.8,NA,NA,NA
Full sample,FNIH,Raw,Neither low,weighted_prevalence,5,0.8924841053128556,0.005752346227075265,48473.218344762005,0.8812094323554072,0.903758778270304,0,6045,5353.8,89.24841053128556,88.12094323554072,90.37587782703041
