domain,20-69,18-69,18-84,weight_version,final_use
Development n,"13,950","16,018","18,206",Legacy unscaled development field,Qualitative age-range decision only; excluded from corrected primary numeric claims
All cycles support full age range,Yes (4/4),Yes (4/4),No: 70-84 has 3/4 cycles; 2005-2006 absent,Legacy unscaled development field,Qualitative age-range decision only; excluded from corrected primary numeric claims
Female model,BCCG; age df 3; height df 3; constant sigma,BCCG; age df 3; height df 3; constant sigma,BCCG; age df 3; height df 3; age-dependent sigma,Legacy unscaled development field,Qualitative age-range decision only; excluded from corrected primary numeric claims
Male model,BCT; age df 3; height df 3; constant sigma,BCT; age df 3; height df 3; constant sigma,BCT; age df 3; height df 3; constant sigma,Legacy unscaled development field,Qualitative age-range decision only; excluded from corrected primary numeric claims
Overall internal CV,"Female z≈0, SD≈1.00, P5 4.50%; Male z≈0, SD≈1.00, P5 4.95%","Female: z -0.002, SD 1.004, P5 4.54%, P10 9.13%; Male: z -0.000, SD 1.006, P5 4.93%, P10 10.47%","Female: z -0.000, SD 1.004, P5 4.54%, P10 9.19%; Male: z 0.000, SD 1.006, P5 4.87%, P10 10.37%",Legacy unscaled development field,Qualitative age-range decision only; excluded from corrected primary numeric claims
Boundary-age CV,60-69 well calibrated,18-19: Female SD 0.941/P5 4.11%; Male SD 1.003/P5 5.33%; 60-69 well calibrated,"70-84 overall acceptable; male 80-84 SD 0.841, P5 2.81%, P10 7.15%",Legacy unscaled development field,Qualitative age-range decision only; excluded from corrected primary numeric claims
18-59 temporal validation,N/A; benchmark is 20-59,"z 0.15, SD 0.99, P5 3.32%, P10 7.48%; z 0.14, SD 1.04, P5 4.54%, P10 9.47%","z 0.15, SD 0.99, P5 3.38%, P10 7.46%; z 0.14, SD 1.04, P5 4.56%, P10 9.48%",Legacy unscaled development field,Qualitative age-range decision only; excluded from corrected primary numeric claims
20-59 common validation,"z 0.16, SD 0.99, P5 3.24%, P10 7.40%; z 0.15, SD 1.03, P5 4.40%, P10 9.34%","z 0.16, SD 0.99, P5 3.26%, P10 7.45%; z 0.15, SD 1.03, P5 4.37%, P10 9.29%","z 0.15, SD 0.99, P5 3.28%, P10 7.36%; z 0.15, SD 1.04, P5 4.39%, P10 9.29%",Legacy unscaled development field,Qualitative age-range decision only; excluded from corrected primary numeric claims
Women conditional P5 height OR,0.646 (0.492–0.847),0.651 (0.496–0.855),0.613 (0.466–0.807),Legacy unscaled development field,Qualitative age-range decision only; excluded from corrected primary numeric claims
Women conditional P10 height OR,0.890 (0.737–1.075),0.910 (0.755–1.095),0.876 (0.727–1.055),Legacy unscaled development field,Qualitative age-range decision only; excluded from corrected primary numeric claims
Men conditional P5/P10 OR,0.952 (0.763–1.187) / 1.034 (0.858–1.245),0.973 (0.782–1.210) / 1.031 (0.856–1.242),0.975 (0.784–1.212) / 1.030 (0.855–1.239),Legacy unscaled development field,Qualitative age-range decision only; excluded from corrected primary numeric claims
FNIH drift,Women OR 0.035; Men OR 0.101 in common 18-59 analysis,Same comparator: Women OR 0.035; Men OR 0.101,Same comparator: Women OR 0.035; Men OR 0.101,Legacy unscaled development field,Qualitative age-range decision only; excluded from corrected primary numeric claims
EWGSOP2 drift,Women OR 0.861; Men OR 0.818 in common 18-59 analysis,Same comparator: Women OR 0.861; Men OR 0.818,Same comparator: Women OR 0.861; Men OR 0.818,Legacy unscaled development field,Qualitative age-range decision only; excluded from corrected primary numeric claims
Conditional-only vs neither grip,M2 -7.99 kg; M3 -2.26 kg (20-59 benchmark),M2 -7.93 kg (-11.32–-4.53); M3 -2.03 kg (-4.82–0.75),M2 -7.84 kg (-11.21–-4.47); M3 -1.95 kg (-4.73–0.83),Legacy unscaled development field,Qualitative age-range decision only; excluded from corrected primary numeric claims
Conditional vs EWGSOP2 structure,Conditional-only ≈0 in normal-BMI sample,conditional-only 0.00%; conditional-positive overlap 100.00%,conditional-only 0.00%; conditional-positive overlap 100.00%,Legacy unscaled development field,Qualitative age-range decision only; excluded from corrected primary numeric claims
Common-domain P5 reclassification,Reference,vs 20-69: Women 0.016%; Men 0.107%,vs 20-69: Women 0.130%; Men 0.121%,Legacy unscaled development field,Qualitative age-range decision only; excluded from corrected primary numeric claims
Main concern,Excludes ages 18-19 and lacks full adult reference coverage,Female P5 residual height gradient remains; 2/25 female CV folds needed fallback optimizer,No external validation above 59; 70-84 only 3 cycles; male 80-84 under-dispersion; larger common-domain perturbation,Legacy unscaled development field,Qualitative age-range decision only; excluded from corrected primary numeric claims
Final suitability,Benchmark only,Preferred final Paper 1 reference age range,"Useful extended sensitivity/reference analysis, not preferred primary system",Legacy unscaled development field,Qualitative age-range decision only; excluded from corrected primary numeric claims
