sex,model,metric,m,estimate,standard_error,df,conf_low,conf_high,p_value,z_sd,unweighted_n,percent,record_type,outcome,exposure,unit,effect_type,odds_ratio,or_low,or_high,stratifier,group,mean_BIC,sum_BIC,mean_AIC,mean_edf,all_converged,delta_mean_BIC_vs_H,folds,valid_predictions,expected_predictions,fallback_folds,max_seconds,weight_version
Female,HB,P10,5,0.10033167474051603,0.004972319035071075,1104.1834577482605,0.09057541426570671,0.11008793521532535,2.5286379339430633e-77,1.0037247271804586,7878,10.033167474051604,OOF_overall,NA,NA,NA,NA,NA,NA,NA,NA,NA,NA,NA,NA,NA,NA,NA,NA,NA,NA,NA,NA,Corrected pooled development weights
Female,HB,P5,5,0.050446023433276144,0.003158872092423631,436.0427924581506,0.044237515208127555,0.05665453165842473,1.5621156320188812e-45,1.0037247271804586,7878,5.044602343327615,OOF_overall,NA,NA,NA,NA,NA,NA,NA,NA,NA,NA,NA,NA,NA,NA,NA,NA,NA,NA,NA,NA,Corrected pooled development weights
Female,HB,mean_z,5,-4.399424188405171e-4,0.0265733497020786,9762709.848998128,-0.05252275724064442,0.051642872402963384,0.9867910058876775,1.0037247271804586,7878,NA,OOF_overall,NA,NA,NA,NA,NA,NA,NA,NA,NA,NA,NA,NA,NA,NA,NA,NA,NA,NA,NA,NA,Corrected pooled development weights
Female,Hcommon,P10,5,0.09154214521749053,0.004675160288505347,62977.111145097704,0.08237882331913546,0.1007054671158456,4.064572042951033e-85,1.0024786323365802,7878,9.154214521749052,OOF_overall,NA,NA,NA,NA,NA,NA,NA,NA,NA,NA,NA,NA,NA,NA,NA,NA,NA,NA,NA,NA,Corrected pooled development weights
Female,Hcommon,P5,5,0.046178900837176906,0.00339529387023797,8415.18343696383,0.03952328985338198,0.05283451182097183,1.0896574541036842e-41,1.0024786323365802,7878,4.617890083717691,OOF_overall,NA,NA,NA,NA,NA,NA,NA,NA,NA,NA,NA,NA,NA,NA,NA,NA,NA,NA,NA,NA,Corrected pooled development weights
Female,Hcommon,mean_z,5,-0.0011501690606404553,0.01999123327308089,2983594.689859126,-0.040332282177554815,0.0380319440562739,0.9541200878920035,1.0024786323365802,7878,NA,OOF_overall,NA,NA,NA,NA,NA,NA,NA,NA,NA,NA,NA,NA,NA,NA,NA,NA,NA,NA,NA,NA,Corrected pooled development weights
Male,HB,P10,5,0.1023908620427108,0.005218288970521134,1104.5229131888282,0.09215198378474364,0.11262974030067797,8.88382743892568e-74,1.0099069274303552,8111,10.23908620427108,OOF_overall,NA,NA,NA,NA,NA,NA,NA,NA,NA,NA,NA,NA,NA,NA,NA,NA,NA,NA,NA,NA,Corrected pooled development weights
Male,HB,P5,5,0.05115529310168627,0.0031374180137889816,1608.1271662760528,0.045001435119050325,0.05730915108432221,1.977272275771649e-55,1.0099069274303552,8111,5.115529310168627,OOF_overall,NA,NA,NA,NA,NA,NA,NA,NA,NA,NA,NA,NA,NA,NA,NA,NA,NA,NA,NA,NA,Corrected pooled development weights
Male,HB,mean_z,5,-0.0016001374187397184,0.022645043551391526,6456818.229433575,-0.04598361552772564,0.042783340690246204,0.9436670006782819,1.0099069274303552,8111,NA,OOF_overall,NA,NA,NA,NA,NA,NA,NA,NA,NA,NA,NA,NA,NA,NA,NA,NA,NA,NA,NA,NA,Corrected pooled development weights
Male,Hcommon,P10,5,0.10553578163132461,0.0050323607122853215,4232.650579837149,0.09566971460072314,0.11540184866192608,5.519746410971857e-93,1.006145383755002,8111,10.553578163132462,OOF_overall,NA,NA,NA,NA,NA,NA,NA,NA,NA,NA,NA,NA,NA,NA,NA,NA,NA,NA,NA,NA,Corrected pooled development weights
Male,Hcommon,P5,5,0.04993306655643057,0.003538920625892717,472.92575531477115,0.04297911304803109,0.056887020064830054,5.575986538397588e-38,1.006145383755002,8111,4.993306655643058,OOF_overall,NA,NA,NA,NA,NA,NA,NA,NA,NA,NA,NA,NA,NA,NA,NA,NA,NA,NA,NA,NA,Corrected pooled development weights
Male,Hcommon,mean_z,5,-2.0588235070653297e-4,0.018518645881124195,10753751.910038088,-0.0365017654053636,0.03609000070395054,0.9911296450999063,1.006145383755002,8111,NA,OOF_overall,NA,NA,NA,NA,NA,NA,NA,NA,NA,NA,NA,NA,NA,NA,NA,NA,NA,NA,NA,NA,Corrected pooled development weights
Female,HB,NA,5,-0.08380058806708192,0.03833722924509981,16751.966969174453,-0.15894560603281765,-0.008655570101346183,0.028838169971924073,NA,NA,NA,OOF_effect,low_p10,bmi,5 kg/m2,odds_ratio,0.9196146199409497,0.8530427580869926,0.9913817815013848,NA,NA,NA,NA,NA,NA,NA,NA,NA,NA,NA,NA,NA,Corrected pooled development weights
Female,HB,NA,5,-0.1818354357797329,0.06895791732249629,71.6811398003333,-0.31931097951253273,-0.04435989204693308,0.010251935557862695,NA,NA,NA,OOF_effect,low_p10,height,10 cm,odds_ratio,0.8337385326584921,0.7266495410461337,0.956609619320469,NA,NA,NA,NA,NA,NA,NA,NA,NA,NA,NA,NA,NA,Corrected pooled development weights
Female,HB,NA,5,-0.10477754954092669,0.05916521651369332,44.10949293390097,-0.22400884899531004,0.01445374991345666,0.08348198834170097,NA,NA,NA,OOF_effect,low_p5,bmi,5 kg/m2,odds_ratio,0.9005248224672041,0.7993080612647848,1.0145587104381146,NA,NA,NA,NA,NA,NA,NA,NA,NA,NA,NA,NA,NA,Corrected pooled development weights
Female,HB,NA,5,-0.21807212162259573,0.09573405684534474,53.61560784771503,-0.4100388693036278,-0.026105373941563648,0.026744703201146323,NA,NA,NA,OOF_effect,low_p5,height,10 cm,odds_ratio,0.8040674489262265,0.6636244550145666,0.9742324254891099,NA,NA,NA,NA,NA,NA,NA,NA,NA,NA,NA,NA,NA,Corrected pooled development weights
Female,HB,NA,5,0.011579144635290615,0.008961770359149896,82282.4142926306,-0.005985860885477076,0.029144150156058306,0.1963400101204663,NA,NA,NA,OOF_effect,z,bmi,5 kg/m2,beta,NA,NA,NA,NA,NA,NA,NA,NA,NA,NA,NA,NA,NA,NA,NA,NA,Corrected pooled development weights
Female,HB,NA,5,0.039720186518582494,0.017803928169161324,130115.11641959795,0.004824803917801046,0.07461556911936394,0.02568422981313913,NA,NA,NA,OOF_effect,z,height,10 cm,beta,NA,NA,NA,NA,NA,NA,NA,NA,NA,NA,NA,NA,NA,NA,NA,NA,Corrected pooled development weights
Female,Hcommon,NA,5,-2.939378754143403,0.14139979056430546,357.66066023431426,-3.2174582473469666,-2.661299260939839,1.6982662297891332e-63,NA,NA,NA,OOF_effect,low_p10,bmi,5 kg/m2,odds_ratio,0.052898581557067184,0.04005674331036773,0.06985739976583233,NA,NA,NA,NA,NA,NA,NA,NA,NA,NA,NA,NA,NA,Corrected pooled development weights
Female,Hcommon,NA,5,0.011991563603995618,0.08126270824747511,94.59729996083269,-0.14934416789632016,0.17332729510431139,0.8829998342556236,NA,NA,NA,OOF_effect,low_p10,height,10 cm,odds_ratio,1.0120637506594796,0.8612726414903902,1.1892552788237638,NA,NA,NA,NA,NA,NA,NA,NA,NA,NA,NA,NA,NA,Corrected pooled development weights
Female,Hcommon,NA,5,-3.2523907961482204,0.18021550038381767,9256.554681598758,-3.605652877949029,-2.8991287143474116,1.387178616622174e-71,NA,NA,NA,OOF_effect,low_p5,bmi,5 kg/m2,odds_ratio,0.03868161733159638,0.027169700522902598,0.0550711818897961,NA,NA,NA,NA,NA,NA,NA,NA,NA,NA,NA,NA,NA,Corrected pooled development weights
Female,Hcommon,NA,5,-0.17428487552469263,0.10424219965349626,2690.6937823788417,-0.3786877791191084,0.030118028069723135,0.09465588342058419,NA,NA,NA,OOF_effect,low_p5,height,10 cm,odds_ratio,0.8400575517323302,0.6847593754693442,1.0305761636908173,NA,NA,NA,NA,NA,NA,NA,NA,NA,NA,NA,NA,NA,Corrected pooled development weights
Female,Hcommon,NA,5,0.6023632771932004,0.0063256811465941636,3020569.981768991,0.5899651650001767,0.614761389386224,0,NA,NA,NA,OOF_effect,z,bmi,5 kg/m2,beta,NA,NA,NA,NA,NA,NA,NA,NA,NA,NA,NA,NA,NA,NA,NA,NA,Corrected pooled development weights
Female,Hcommon,NA,5,-1.2569837994531896e-5,0.019510141486868398,407653.14844058163,-0.03825185802196556,0.0382267183459765,0.9994859456642113,NA,NA,NA,OOF_effect,z,height,10 cm,beta,NA,NA,NA,NA,NA,NA,NA,NA,NA,NA,NA,NA,NA,NA,NA,NA,Corrected pooled development weights
Male,HB,NA,5,0.006775377593188219,0.052181699411398844,59.69324179346513,-0.09761459571055828,0.11116535089693472,0.8971279583044597,NA,NA,NA,OOF_effect,low_p10,bmi,5 kg/m2,odds_ratio,1.0067983823900002,0.9069983974743088,1.1175796843806807,NA,NA,NA,NA,NA,NA,NA,NA,NA,NA,NA,NA,NA,Corrected pooled development weights
Male,HB,NA,5,-0.08191545933823573,0.0797054501097199,136.56542500619526,-0.2395319732787911,0.07570105460231964,0.3058950247812103,NA,NA,NA,OOF_effect,low_p10,height,10 cm,odds_ratio,0.9213498469297167,0.7869961100936502,1.0786400714692193,NA,NA,NA,NA,NA,NA,NA,NA,NA,NA,NA,NA,NA,Corrected pooled development weights
Male,HB,NA,5,0.027566407130513365,0.06686854702466886,39.825435617369884,-0.10759842288574592,0.16273123714677265,0.682368567034251,NA,NA,NA,OOF_effect,low_p5,bmi,5 kg/m2,odds_ratio,1.0279498760423007,0.8979881355175622,1.1767203884563078,NA,NA,NA,NA,NA,NA,NA,NA,NA,NA,NA,NA,NA,Corrected pooled development weights
Male,HB,NA,5,-0.13638484837361348,0.1019215995451866,256.8256781971681,-0.33709332839330486,0.06432363164607788,0.18203600317535526,NA,NA,NA,OOF_effect,low_p5,height,10 cm,odds_ratio,0.8725067850505008,0.7138422150467696,1.0664374758353063,NA,NA,NA,NA,NA,NA,NA,NA,NA,NA,NA,NA,NA,Corrected pooled development weights
Male,HB,NA,5,0.014092365556842332,0.013347880401876882,1171.4261569376724,-0.012096057752968067,0.040280788866652734,0.29128846737733266,NA,NA,NA,OOF_effect,z,bmi,5 kg/m2,beta,NA,NA,NA,NA,NA,NA,NA,NA,NA,NA,NA,NA,NA,NA,NA,NA,Corrected pooled development weights
Male,HB,NA,5,0.03425224374272638,0.02120402628045902,1862.2789654975454,-0.007333912190017146,0.0758383996754699,0.10640104666899558,NA,NA,NA,OOF_effect,z,height,10 cm,beta,NA,NA,NA,NA,NA,NA,NA,NA,NA,NA,NA,NA,NA,NA,NA,NA,Corrected pooled development weights
Male,Hcommon,NA,5,-3.787526146781373,0.1598512881269167,104.97847202459562,-4.1044824800379525,-3.4705698135247935,6.27457337171651e-44,NA,NA,NA,OOF_effect,low_p10,bmi,5 kg/m2,odds_ratio,0.022651569252512972,0.016498554960901822,0.031099304806834132,NA,NA,NA,NA,NA,NA,NA,NA,NA,NA,NA,NA,NA,Corrected pooled development weights
Male,Hcommon,NA,5,0.07250702046845005,0.08083523573489045,325.1764039322493,-0.08651901423170734,0.23153305516860745,0.37039693028960774,NA,NA,NA,OOF_effect,low_p10,height,10 cm,odds_ratio,1.0752003544738244,0.917118110322664,1.26053099295347,NA,NA,NA,NA,NA,NA,NA,NA,NA,NA,NA,NA,NA,Corrected pooled development weights
Male,Hcommon,NA,5,-4.1034698045976175,0.23951933041299517,32.06284819243534,-4.5913172116172625,-3.615622397577972,1.0684046329625383e-17,NA,NA,NA,OOF_effect,low_p5,bmi,5 kg/m2,odds_ratio,0.016515271104897436,0.010139493714346361,0.026900177400607357,NA,NA,NA,NA,NA,NA,NA,NA,NA,NA,NA,NA,NA,Corrected pooled development weights
Male,Hcommon,NA,5,0.01890210251022883,0.09884256959736977,548.6772764547351,-0.17525405984491169,0.21305826486536936,0.84841267295134,NA,NA,NA,OOF_effect,low_p5,height,10 cm,odds_ratio,1.019081878176105,0.8392437755383728,1.2374567493940896,NA,NA,NA,NA,NA,NA,NA,NA,NA,NA,NA,NA,NA,Corrected pooled development weights
Male,Hcommon,NA,5,0.7440057941781882,0.00921533721325083,15211.340026913522,0.7259426278525514,0.7620689605038251,0,NA,NA,NA,OOF_effect,z,bmi,5 kg/m2,beta,NA,NA,NA,NA,NA,NA,NA,NA,NA,NA,NA,NA,NA,NA,NA,NA,Corrected pooled development weights
Male,Hcommon,NA,5,0.003466689136139968,0.020085031003145674,849652.011819452,-0.035899304336893104,0.04283268260917304,0.8629653926297307,NA,NA,NA,OOF_effect,z,height,10 cm,beta,NA,NA,NA,NA,NA,NA,NA,NA,NA,NA,NA,NA,NA,NA,NA,NA,Corrected pooled development weights
Female,HB,P10,5,0.10530815396615252,0.008235213402558136,156.70289775536915,0.0890418101654831,0.12157449776682194,4.2517628153513076e-26,1.0446379816266342,2636,10.530815396615251,OOF_stratified,NA,NA,NA,NA,NA,NA,NA,bmi_group,18.5-24.9,NA,NA,NA,NA,NA,NA,NA,NA,NA,NA,NA,Corrected pooled development weights
Female,HB,P5,5,0.05631580455929845,0.006035993141629152,78.08888125449036,0.04429928073742208,0.06833232838117483,2.4494833269920354e-14,1.0446379816266342,2636,5.6315804559298455,OOF_stratified,NA,NA,NA,NA,NA,NA,NA,bmi_group,18.5-24.9,NA,NA,NA,NA,NA,NA,NA,NA,NA,NA,NA,Corrected pooled development weights
Female,HB,mean_z,5,0.003786436733888886,0.035717828272110154,372494.12071275414,-0.06621944775921726,0.07379232122699503,0.9155747026224355,1.0446379816266342,2636,NA,OOF_stratified,NA,NA,NA,NA,NA,NA,NA,bmi_group,18.5-24.9,NA,NA,NA,NA,NA,NA,NA,NA,NA,NA,NA,Corrected pooled development weights
Female,HB,P10,5,0.10058566620846533,0.009696505468461803,7086.9672481795105,0.08157761838877947,0.1195937140281512,4.946825280754114e-25,0.9658601757868163,2164,10.058566620846534,OOF_stratified,NA,NA,NA,NA,NA,NA,NA,bmi_group,25.0-29.9,NA,NA,NA,NA,NA,NA,NA,NA,NA,NA,NA,Corrected pooled development weights
Female,HB,P5,5,0.04600424532664446,0.005307985947699855,2303.291541748033,0.035595314262436055,0.056413176390852866,8.21023028503581e-18,0.9658601757868163,2164,4.600424532664446,OOF_stratified,NA,NA,NA,NA,NA,NA,NA,bmi_group,25.0-29.9,NA,NA,NA,NA,NA,NA,NA,NA,NA,NA,NA,Corrected pooled development weights
Female,HB,mean_z,5,-0.011770357025356323,0.03403333453351284,72884.38681614958,-0.07847557473400604,0.054934860683293396,0.7294580286658805,0.9658601757868163,2164,NA,OOF_stratified,NA,NA,NA,NA,NA,NA,NA,bmi_group,25.0-29.9,NA,NA,NA,NA,NA,NA,NA,NA,NA,NA,NA,Corrected pooled development weights
Female,HB,P10,5,0.09986963203080651,0.010846156152680898,367.1661514473645,0.07854125162527546,0.12119801243633756,2.589924654808246e-18,0.9949821262325415,1492,9.98696320308065,OOF_stratified,NA,NA,NA,NA,NA,NA,NA,bmi_group,30.0-34.9,NA,NA,NA,NA,NA,NA,NA,NA,NA,NA,NA,Corrected pooled development weights
Female,HB,P5,5,0.051913720663768544,0.008221577664230033,129.17819214661608,0.03564734034080217,0.06818010098673491,4.013655108383789e-9,0.9949821262325415,1492,5.1913720663768546,OOF_stratified,NA,NA,NA,NA,NA,NA,NA,bmi_group,30.0-34.9,NA,NA,NA,NA,NA,NA,NA,NA,NA,NA,NA,Corrected pooled development weights
Female,HB,mean_z,5,-0.004614174473224888,0.03701163284914623,3425.9358629882395,-0.07718127927948498,0.0679529303330352,0.9007935301298731,0.9949821262325415,1492,NA,OOF_stratified,NA,NA,NA,NA,NA,NA,NA,bmi_group,30.0-34.9,NA,NA,NA,NA,NA,NA,NA,NA,NA,NA,NA,Corrected pooled development weights
Female,HB,P10,5,0.14526746537900617,0.03259521071241196,407.24677316092396,0.08119159855414138,0.20934333220387097,1.0771863162694929e-5,1.0818974482644503,190,14.526746537900618,OOF_stratified,NA,NA,NA,NA,NA,NA,NA,bmi_group,<18.5,NA,NA,NA,NA,NA,NA,NA,NA,NA,NA,NA,Corrected pooled development weights
Female,HB,P5,5,0.07611182525025686,0.028188143155279326,136.38439729490062,0.020369469260971662,0.13185418123954207,0.007809426136618687,1.0818974482644503,190,7.611182525025686,OOF_stratified,NA,NA,NA,NA,NA,NA,NA,bmi_group,<18.5,NA,NA,NA,NA,NA,NA,NA,NA,NA,NA,NA,Corrected pooled development weights
Female,HB,mean_z,5,-0.12966425229399026,0.1048065264175631,18036.380342371212,-0.3350950552158931,0.07576655062791257,0.21603738485446597,1.0818974482644503,190,NA,OOF_stratified,NA,NA,NA,NA,NA,NA,NA,bmi_group,<18.5,NA,NA,NA,NA,NA,NA,NA,NA,NA,NA,NA,Corrected pooled development weights
Female,HB,P10,5,0.08242573550587425,0.010328907720181036,3489.1194196505066,0.062174423298912415,0.10267704771283608,1.965915995057053e-15,0.9655543765468445,1396,8.242573550587425,OOF_stratified,NA,NA,NA,NA,NA,NA,NA,bmi_group,>=35,NA,NA,NA,NA,NA,NA,NA,NA,NA,NA,NA,Corrected pooled development weights
Female,HB,P5,5,0.0390273151018547,0.0071896082955297674,59.94819771150534,0.02464570168184898,0.05340892852186042,1.0827662570294347e-6,0.9655543765468445,1396,3.90273151018547,OOF_stratified,NA,NA,NA,NA,NA,NA,NA,bmi_group,>=35,NA,NA,NA,NA,NA,NA,NA,NA,NA,NA,NA,Corrected pooled development weights
Female,HB,mean_z,5,0.032789910689526316,0.042202916468280345,15638.769687942899,-0.0499326879491855,0.11551250932823813,0.4371950625281379,0.9655543765468445,1396,NA,OOF_stratified,NA,NA,NA,NA,NA,NA,NA,bmi_group,>=35,NA,NA,NA,NA,NA,NA,NA,NA,NA,NA,NA,Corrected pooled development weights
Female,HB,P10,5,0.1250833879129136,0.010681733949416485,598.4841153748224,0.10410514952449501,0.14606162630133218,1.160141514387341e-28,1.0705673650711662,2098,12.50833879129136,OOF_stratified,NA,NA,NA,NA,NA,NA,NA,height_quintile,Q1,NA,NA,NA,NA,NA,NA,NA,NA,NA,NA,NA,Corrected pooled development weights
Female,HB,P5,5,0.06430374832284799,0.007345842312995472,598.8493016361841,0.04987700435854145,0.07873049228715454,2.100358753252915e-17,1.0705673650711662,2098,6.430374832284799,OOF_stratified,NA,NA,NA,NA,NA,NA,NA,height_quintile,Q1,NA,NA,NA,NA,NA,NA,NA,NA,NA,NA,NA,Corrected pooled development weights
Female,HB,mean_z,5,-0.04164899112152232,0.03614623825067598,468655.2351187989,-0.1124944992374251,0.02919651699438045,0.249224762389667,1.0705673650711662,2098,NA,OOF_stratified,NA,NA,NA,NA,NA,NA,NA,height_quintile,Q1,NA,NA,NA,NA,NA,NA,NA,NA,NA,NA,NA,Corrected pooled development weights
Female,HB,P10,5,0.10669263741306988,0.010659012876201673,374.9528125348201,0.08573370355048138,0.12765157127565838,4.640255791352298e-21,1.0001828526606793,1637,10.669263741306988,OOF_stratified,NA,NA,NA,NA,NA,NA,NA,height_quintile,Q2,NA,NA,NA,NA,NA,NA,NA,NA,NA,NA,NA,Corrected pooled development weights
Female,HB,P5,5,0.05415453020941141,0.008580648449850983,1924.6397502301172,0.037326185412306895,0.07098287500651593,3.426631031763297e-10,1.0001828526606793,1637,5.415453020941142,OOF_stratified,NA,NA,NA,NA,NA,NA,NA,height_quintile,Q2,NA,NA,NA,NA,NA,NA,NA,NA,NA,NA,NA,Corrected pooled development weights
Female,HB,mean_z,5,-0.005935744543654887,0.03810222308047356,195701.1251373019,-0.08061519138678279,0.068743702299473,0.8762028678579158,1.0001828526606793,1637,NA,OOF_stratified,NA,NA,NA,NA,NA,NA,NA,height_quintile,Q2,NA,NA,NA,NA,NA,NA,NA,NA,NA,NA,NA,Corrected pooled development weights
Female,HB,P10,5,0.09079421291358081,0.010565819740058253,91.13935685706622,0.06980694229583337,0.11178148353132825,2.2137260247957802e-13,0.9885392298428559,1462,9.07942129135808,OOF_stratified,NA,NA,NA,NA,NA,NA,NA,height_quintile,Q3,NA,NA,NA,NA,NA,NA,NA,NA,NA,NA,NA,Corrected pooled development weights
Female,HB,P5,5,0.044156068514454756,0.006673576855107535,446.56188650749357,0.031040551532572753,0.05727158549633676,1.0547977369830308e-10,0.9885392298428559,1462,4.415606851445475,OOF_stratified,NA,NA,NA,NA,NA,NA,NA,height_quintile,Q3,NA,NA,NA,NA,NA,NA,NA,NA,NA,NA,NA,Corrected pooled development weights
Female,HB,mean_z,5,-0.0207436718378571,0.038789168077893975,27861.149903325124,-0.09677234715237115,0.05528500347665694,0.5928062526023141,0.9885392298428559,1462,NA,OOF_stratified,NA,NA,NA,NA,NA,NA,NA,height_quintile,Q3,NA,NA,NA,NA,NA,NA,NA,NA,NA,NA,NA,Corrected pooled development weights
Female,HB,P10,5,0.08298117949921152,0.010272685757633973,350.7962001856834,0.06277737977603157,0.10318497922239148,1.0716130921863021e-14,0.9731535832975721,1415,8.298117949921153,OOF_stratified,NA,NA,NA,NA,NA,NA,NA,height_quintile,Q4,NA,NA,NA,NA,NA,NA,NA,NA,NA,NA,NA,Corrected pooled development weights
Female,HB,P5,5,0.04312829722094278,0.007318879042013179,1504.33197289074,0.028772007178651648,0.05748458726323391,4.679457287685761e-9,0.9731535832975721,1415,4.312829722094278,OOF_stratified,NA,NA,NA,NA,NA,NA,NA,height_quintile,Q4,NA,NA,NA,NA,NA,NA,NA,NA,NA,NA,NA,Corrected pooled development weights
Female,HB,mean_z,5,0.04299469572902535,0.039079109145368406,957.013748356048,-0.033695941628977266,0.11968533308702797,0.27152321366535154,0.9731535832975721,1415,NA,OOF_stratified,NA,NA,NA,NA,NA,NA,NA,height_quintile,Q4,NA,NA,NA,NA,NA,NA,NA,NA,NA,NA,NA,Corrected pooled development weights
Female,HB,P10,5,0.09599684545543063,0.00878318329577627,2350.2982881645044,0.07877325273921225,0.11322043817164902,3.702701233630782e-27,0.9813276417631276,1266,9.599684545543063,OOF_stratified,NA,NA,NA,NA,NA,NA,NA,height_quintile,Q5,NA,NA,NA,NA,NA,NA,NA,NA,NA,NA,NA,Corrected pooled development weights
Female,HB,P5,5,0.046320604546963406,0.005813005784392131,128.9912766531238,0.03481942286932838,0.05782178622459843,7.380865385245177e-13,0.9813276417631276,1266,4.63206045469634,OOF_stratified,NA,NA,NA,NA,NA,NA,NA,height_quintile,Q5,NA,NA,NA,NA,NA,NA,NA,NA,NA,NA,NA,Corrected pooled development weights
Female,HB,mean_z,5,0.022778718850783933,0.03688278279583057,10041.456657241786,-0.04951892158449296,0.09507635928606083,0.5368546192653098,0.9813276417631276,1266,NA,OOF_stratified,NA,NA,NA,NA,NA,NA,NA,height_quintile,Q5,NA,NA,NA,NA,NA,NA,NA,NA,NA,NA,NA,Corrected pooled development weights
Female,Hcommon,P10,5,0.19135725966035882,0.010098010052050936,6228.933830080976,0.17156167711053083,0.21115284221018682,6.639252396188104e-78,0.6469593832904014,2636,19.13572596603588,OOF_stratified,NA,NA,NA,NA,NA,NA,NA,bmi_group,18.5-24.9,NA,NA,NA,NA,NA,NA,NA,NA,NA,NA,NA,Corrected pooled development weights
Female,Hcommon,P5,5,0.08878696724653669,0.0077183109354322325,10045.919382816266,0.07365753295240214,0.10391640154067124,1.9657441283625463e-30,0.6469593832904014,2636,8.878696724653668,OOF_stratified,NA,NA,NA,NA,NA,NA,NA,bmi_group,18.5-24.9,NA,NA,NA,NA,NA,NA,NA,NA,NA,NA,NA,Corrected pooled development weights
Female,Hcommon,mean_z,5,-0.7625837437794437,0.018861041576555344,105564.05717143591,-0.7995511298368935,-0.725616357721994,0,0.6469593832904014,2636,NA,OOF_stratified,NA,NA,NA,NA,NA,NA,NA,bmi_group,18.5-24.9,NA,NA,NA,NA,NA,NA,NA,NA,NA,NA,NA,Corrected pooled development weights
Female,Hcommon,P10,5,0.01459799266185378,0.003343664393018554,225.21219149257962,0.008009123588273652,0.02118686173543391,1.93046602654991e-5,0.536008815810635,2164,1.459799266185378,OOF_stratified,NA,NA,NA,NA,NA,NA,NA,bmi_group,25.0-29.9,NA,NA,NA,NA,NA,NA,NA,NA,NA,NA,NA,Corrected pooled development weights
Female,Hcommon,P5,5,0.001886627777821412,0.0013859070315862274,25.118669111882202,-9.670175834576426e-4,0.004740273139100467,0.18550826145678942,0.536008815810635,2164,0.1886627777821412,OOF_stratified,NA,NA,NA,NA,NA,NA,NA,bmi_group,25.0-29.9,NA,NA,NA,NA,NA,NA,NA,NA,NA,NA,NA,Corrected pooled development weights
Female,Hcommon,mean_z,5,-0.043579961592975766,0.018889090640254638,54920.30086017742,-0.0806027148766936,-0.006557208309257934,0.021050171581378455,0.536008815810635,2164,NA,OOF_stratified,NA,NA,NA,NA,NA,NA,NA,bmi_group,25.0-29.9,NA,NA,NA,NA,NA,NA,NA,NA,NA,NA,NA,Corrected pooled development weights
Female,Hcommon,P10,5,1.3446723931300565e-4,3.911958050335512e-4,14.21099516015272,-7.033971149130291e-4,9.723315935390405e-4,0.7360792203511425,0.4776535980018337,1492,0.013446723931300565,OOF_stratified,NA,NA,NA,NA,NA,NA,NA,bmi_group,30.0-34.9,NA,NA,NA,NA,NA,NA,NA,NA,NA,NA,NA,Corrected pooled development weights
Female,Hcommon,P5,5,1.19199912564851e-4,3.948676390466464e-4,13.38011713442363,-7.31402766817708e-4,9.6980259194741e-4,0.7673898122759544,0.4776535980018337,1492,0.0119199912564851,OOF_stratified,NA,NA,NA,NA,NA,NA,NA,bmi_group,30.0-34.9,NA,NA,NA,NA,NA,NA,NA,NA,NA,NA,NA,Corrected pooled development weights
Female,Hcommon,mean_z,5,0.5827177168313227,0.01787895674679844,852.7285335926574,0.5476257972057552,0.6178096364568901,5.731754003547061e-152,0.4776535980018337,1492,NA,OOF_stratified,NA,NA,NA,NA,NA,NA,NA,bmi_group,30.0-34.9,NA,NA,NA,NA,NA,NA,NA,NA,NA,NA,NA,Corrected pooled development weights
Female,Hcommon,P10,5,0.6504438152565546,0.041913251548189666,1174.0336148492872,0.5682105752627805,0.7326770552503287,1.516175953660661e-49,0.6718645771541861,190,65.04438152565545,OOF_stratified,NA,NA,NA,NA,NA,NA,NA,bmi_group,<18.5,NA,NA,NA,NA,NA,NA,NA,NA,NA,NA,NA,Corrected pooled development weights
Female,Hcommon,P5,5,0.49025811364295374,0.04809435339980857,13237.973632183135,0.3959862937410414,0.5845299335448662,2.6021514558258027e-24,0.6718645771541861,190,49.02581136429537,OOF_stratified,NA,NA,NA,NA,NA,NA,NA,bmi_group,<18.5,NA,NA,NA,NA,NA,NA,NA,NA,NA,NA,NA,Corrected pooled development weights
Female,Hcommon,mean_z,5,-1.6733329519969857,0.06543550879315291,4108.112380340303,-1.8016219898870351,-1.5450439141069363,5.676620287755952e-134,0.6718645771541861,190,NA,OOF_stratified,NA,NA,NA,NA,NA,NA,NA,bmi_group,<18.5,NA,NA,NA,NA,NA,NA,NA,NA,NA,NA,NA,Corrected pooled development weights
Female,Hcommon,P10,5,0,0,Inf,0,0,NA,0.536796442533932,1396,0,OOF_stratified,NA,NA,NA,NA,NA,NA,NA,bmi_group,>=35,NA,NA,NA,NA,NA,NA,NA,NA,NA,NA,NA,Corrected pooled development weights
Female,Hcommon,P5,5,0,0,Inf,0,0,NA,0.536796442533932,1396,0,OOF_stratified,NA,NA,NA,NA,NA,NA,NA,bmi_group,>=35,NA,NA,NA,NA,NA,NA,NA,NA,NA,NA,NA,Corrected pooled development weights
Female,Hcommon,mean_z,5,1.3967349486676994,0.021624291817669998,12035.899168193062,1.354347852952684,1.4391220443827148,0,0.536796442533932,1396,NA,OOF_stratified,NA,NA,NA,NA,NA,NA,NA,bmi_group,>=35,NA,NA,NA,NA,NA,NA,NA,NA,NA,NA,NA,Corrected pooled development weights
Female,Hcommon,P10,5,0.0933377894794181,0.010012925534438695,158.59615328777159,0.07356191331058415,0.11311366564825207,9.453745752498032e-17,1.022784059789409,2098,9.333778947941811,OOF_stratified,NA,NA,NA,NA,NA,NA,NA,height_quintile,Q1,NA,NA,NA,NA,NA,NA,NA,NA,NA,NA,NA,Corrected pooled development weights
Female,Hcommon,P5,5,0.05855911423929465,0.008273996435453559,34934.72561433844,0.0423418173459348,0.0747764111326545,1.4955354908127333e-12,1.022784059789409,2098,5.855911423929465,OOF_stratified,NA,NA,NA,NA,NA,NA,NA,height_quintile,Q1,NA,NA,NA,NA,NA,NA,NA,NA,NA,NA,NA,Corrected pooled development weights
Female,Hcommon,mean_z,5,-0.0056514594144546,0.034433547827274306,418482.8349005584,-0.07314016821130404,0.06183724938239483,0.869631600482391,1.022784059789409,2098,NA,OOF_stratified,NA,NA,NA,NA,NA,NA,NA,height_quintile,Q1,NA,NA,NA,NA,NA,NA,NA,NA,NA,NA,NA,Corrected pooled development weights
Female,Hcommon,P10,5,0.08423238569277858,0.0076026811481543265,1479.5701136333453,0.06931920487651415,0.099145566509043,1.8377883145701622e-27,0.9797740356832019,1637,8.423238569277858,OOF_stratified,NA,NA,NA,NA,NA,NA,NA,height_quintile,Q2,NA,NA,NA,NA,NA,NA,NA,NA,NA,NA,NA,Corrected pooled development weights
Female,Hcommon,P5,5,0.039306956140306056,0.006284560294806944,10793.815857007035,0.026988062927173796,0.051625849353438315,4.138111521536127e-10,0.9797740356832019,1637,3.9306956140306055,OOF_stratified,NA,NA,NA,NA,NA,NA,NA,height_quintile,Q2,NA,NA,NA,NA,NA,NA,NA,NA,NA,NA,NA,Corrected pooled development weights
Female,Hcommon,mean_z,5,0.019070386315475623,0.030477745775168475,576698.8520748059,-0.04066502310537179,0.07880579573632303,0.5315020625338607,0.9797740356832019,1637,NA,OOF_stratified,NA,NA,NA,NA,NA,NA,NA,height_quintile,Q2,NA,NA,NA,NA,NA,NA,NA,NA,NA,NA,NA,Corrected pooled development weights
Female,Hcommon,P10,5,0.09571540313172473,0.009993328568350725,1164.0418820126756,0.07610845221179291,0.11532235405165656,5.728821863288579e-21,1.0030596330940698,1462,9.571540313172473,OOF_stratified,NA,NA,NA,NA,NA,NA,NA,height_quintile,Q3,NA,NA,NA,NA,NA,NA,NA,NA,NA,NA,NA,Corrected pooled development weights
Female,Hcommon,P5,5,0.050067514863490314,0.007313465929756892,5823.066992800667,0.035730404982224725,0.0644046247447559,8.378142345818526e-12,1.0030596330940698,1462,5.006751486349032,OOF_stratified,NA,NA,NA,NA,NA,NA,NA,height_quintile,Q3,NA,NA,NA,NA,NA,NA,NA,NA,NA,NA,NA,Corrected pooled development weights
Female,Hcommon,mean_z,5,-0.033369630278843446,0.03404120341364771,183602.1903447702,-0.10008960279946884,0.03335034224178195,0.32695328378774124,1.0030596330940698,1462,NA,OOF_stratified,NA,NA,NA,NA,NA,NA,NA,height_quintile,Q3,NA,NA,NA,NA,NA,NA,NA,NA,NA,NA,NA,Corrected pooled development weights
Female,Hcommon,P10,5,0.09189952757989149,0.00996546156535119,3189.3090781542805,0.07236016654883111,0.11143888861095187,5.166447407666565e-20,1.006246274941874,1415,9.189952757989149,OOF_stratified,NA,NA,NA,NA,NA,NA,NA,height_quintile,Q4,NA,NA,NA,NA,NA,NA,NA,NA,NA,NA,NA,Corrected pooled development weights
Female,Hcommon,P5,5,0.044205549278312994,0.00715790255441651,564.6939662224645,0.03014618436262015,0.05826491419400584,1.2596203182351856e-9,1.006246274941874,1415,4.420554927831299,OOF_stratified,NA,NA,NA,NA,NA,NA,NA,height_quintile,Q4,NA,NA,NA,NA,NA,NA,NA,NA,NA,NA,NA,Corrected pooled development weights
Female,Hcommon,mean_z,5,0.031166203872937264,0.031215611932156474,6920.61043126516,-0.03002597330673575,0.09235838105261028,0.31811200354993996,1.006246274941874,1415,NA,OOF_stratified,NA,NA,NA,NA,NA,NA,NA,height_quintile,Q4,NA,NA,NA,NA,NA,NA,NA,NA,NA,NA,NA,Corrected pooled development weights
Female,Hcommon,P10,5,0.09264139083894489,0.010381094915496169,1018.5132674933831,0.07227061127626899,0.11301217040162079,2.050316968691522e-18,0.9997842383864258,1266,9.26413908389449,OOF_stratified,NA,NA,NA,NA,NA,NA,NA,height_quintile,Q5,NA,NA,NA,NA,NA,NA,NA,NA,NA,NA,NA,Corrected pooled development weights
Female,Hcommon,P5,5,0.03863511047996509,0.006569850524433792,983.281909315465,0.025742570414512826,0.05152765054541735,5.594572797786213e-9,0.9997842383864258,1266,3.863511047996509,OOF_stratified,NA,NA,NA,NA,NA,NA,NA,height_quintile,Q5,NA,NA,NA,NA,NA,NA,NA,NA,NA,NA,NA,Corrected pooled development weights
Female,Hcommon,mean_z,5,-0.018646804435644638,0.040659987985401734,57960.846610008004,-0.09834058069987832,0.06104697182858905,0.6465207900740532,0.9997842383864258,1266,NA,OOF_stratified,NA,NA,NA,NA,NA,NA,NA,height_quintile,Q5,NA,NA,NA,NA,NA,NA,NA,NA,NA,NA,NA,Corrected pooled development weights
Male,HB,P10,5,0.10727357809953994,0.00960282210428821,1820.6786782627983,0.08843987235293294,0.12610728384614694,4.51631604073611e-28,1.0102957006322355,2595,10.727357809953993,OOF_stratified,NA,NA,NA,NA,NA,NA,NA,bmi_group,18.5-24.9,NA,NA,NA,NA,NA,NA,NA,NA,NA,NA,NA,Corrected pooled development weights
Male,HB,P5,5,0.04797698407119077,0.005856284591574852,461.90075236488065,0.036468722331314894,0.059485245811066643,2.5345180533461125e-15,1.0102957006322355,2595,4.797698407119077,OOF_stratified,NA,NA,NA,NA,NA,NA,NA,bmi_group,18.5-24.9,NA,NA,NA,NA,NA,NA,NA,NA,NA,NA,NA,Corrected pooled development weights
Male,HB,mean_z,5,-0.004226205586123687,0.03376599616631307,205424.27788573,-0.07040673191140254,0.06195432073915516,0.9003957515505514,1.0102957006322355,2595,NA,OOF_stratified,NA,NA,NA,NA,NA,NA,NA,bmi_group,18.5-24.9,NA,NA,NA,NA,NA,NA,NA,NA,NA,NA,NA,Corrected pooled development weights
Male,HB,P10,5,0.09234921742977545,0.007230491707628827,56.702252881043165,0.07786875961469769,0.1068296752448532,2.5185313098240343e-18,0.9959553801320017,3070,9.234921742977544,OOF_stratified,NA,NA,NA,NA,NA,NA,NA,bmi_group,25.0-29.9,NA,NA,NA,NA,NA,NA,NA,NA,NA,NA,NA,Corrected pooled development weights
Male,HB,P5,5,0.05060698240551016,0.0049611360557001325,378.20262747148723,0.040852117619372796,0.06036184719164753,9.581061224310123e-22,0.9959553801320017,3070,5.060698240551016,OOF_stratified,NA,NA,NA,NA,NA,NA,NA,bmi_group,25.0-29.9,NA,NA,NA,NA,NA,NA,NA,NA,NA,NA,NA,Corrected pooled development weights
Male,HB,mean_z,5,0.002176649445053968,0.027721554937825944,75382.698003314,-0.05215747223144478,0.05651077112155272,0.9374159800343043,0.9959553801320017,3070,NA,OOF_stratified,NA,NA,NA,NA,NA,NA,NA,bmi_group,25.0-29.9,NA,NA,NA,NA,NA,NA,NA,NA,NA,NA,NA,Corrected pooled development weights
Male,HB,P10,5,0.10829311737450366,0.01048353222731196,18281.859595881248,0.08774441133670645,0.12884182341230085,6.049214334825758e-25,1.0097784236563414,1485,10.829311737450366,OOF_stratified,NA,NA,NA,NA,NA,NA,NA,bmi_group,30.0-34.9,NA,NA,NA,NA,NA,NA,NA,NA,NA,NA,NA,Corrected pooled development weights
Male,HB,P5,5,0.049824626920745095,0.006796635119189283,203.9832530043707,0.03642396071098877,0.06322529313050142,5.261860442715637e-12,1.0097784236563414,1485,4.98246269207451,OOF_stratified,NA,NA,NA,NA,NA,NA,NA,bmi_group,30.0-34.9,NA,NA,NA,NA,NA,NA,NA,NA,NA,NA,NA,Corrected pooled development weights
Male,HB,mean_z,5,0.014848299217142678,0.03164685461214052,19088.522126177868,-0.04718232927948236,0.07687892771376773,0.6389411900430033,1.0097784236563414,1485,NA,OOF_stratified,NA,NA,NA,NA,NA,NA,NA,bmi_group,30.0-34.9,NA,NA,NA,NA,NA,NA,NA,NA,NA,NA,NA,Corrected pooled development weights
Male,HB,P10,5,0.12168674937744237,0.047127285339908155,148.3940279121536,0.028559499048558007,0.21481399970632672,0.010788163294432896,1.0153229268320665,141,12.168674937744237,OOF_stratified,NA,NA,NA,NA,NA,NA,NA,bmi_group,<18.5,NA,NA,NA,NA,NA,NA,NA,NA,NA,NA,NA,Corrected pooled development weights
Male,HB,P5,5,0.07221340083378475,0.03499234508362397,137.36225916398521,0.0030200714390783423,0.14140673022849115,0.040929415946741356,1.0153229268320665,141,7.221340083378474,OOF_stratified,NA,NA,NA,NA,NA,NA,NA,bmi_group,<18.5,NA,NA,NA,NA,NA,NA,NA,NA,NA,NA,NA,Corrected pooled development weights
Male,HB,mean_z,5,-0.2628837128734642,0.12199802794873034,1593.8572100419206,-0.5021771693480943,-0.023590256398833997,0.031325372104092246,1.0153229268320665,141,NA,OOF_stratified,NA,NA,NA,NA,NA,NA,NA,bmi_group,<18.5,NA,NA,NA,NA,NA,NA,NA,NA,NA,NA,NA,Corrected pooled development weights
Male,HB,P10,5,0.11316129359090123,0.01467870886154837,59.12192220490316,0.08379053230747953,0.1425320548743229,1.6788519828165503e-10,1.058161515093282,820,11.316129359090123,OOF_stratified,NA,NA,NA,NA,NA,NA,NA,bmi_group,>=35,NA,NA,NA,NA,NA,NA,NA,NA,NA,NA,NA,Corrected pooled development weights
Male,HB,P5,5,0.062267910944962125,0.011822082791308827,94.60355049136707,0.03879684058886164,0.08573898130106261,8.672515835351029e-7,1.058161515093282,820,6.226791094496212,OOF_stratified,NA,NA,NA,NA,NA,NA,NA,bmi_group,>=35,NA,NA,NA,NA,NA,NA,NA,NA,NA,NA,NA,Corrected pooled development weights
Male,HB,mean_z,5,-0.004196644329733637,0.045625966394556135,3925.9852589844463,-0.09364947300773904,0.08525618434827176,0.9267191809477926,1.058161515093282,820,NA,OOF_stratified,NA,NA,NA,NA,NA,NA,NA,bmi_group,>=35,NA,NA,NA,NA,NA,NA,NA,NA,NA,NA,NA,Corrected pooled development weights
Male,HB,P10,5,0.11960818318164795,0.010723195344178796,763.753316733814,0.09855774756523505,0.14065861879806085,7.155851717237281e-27,1.0409817983165468,2194,11.960818318164796,OOF_stratified,NA,NA,NA,NA,NA,NA,NA,height_quintile,Q1,NA,NA,NA,NA,NA,NA,NA,NA,NA,NA,NA,Corrected pooled development weights
Male,HB,P5,5,0.06464779594591677,0.00692040779693483,2062.503340096175,0.05107608152628318,0.07821951036555036,2.376959085896333e-20,1.0409817983165468,2194,6.464779594591677,OOF_stratified,NA,NA,NA,NA,NA,NA,NA,height_quintile,Q1,NA,NA,NA,NA,NA,NA,NA,NA,NA,NA,NA,Corrected pooled development weights
Male,HB,mean_z,5,-0.05294906743652577,0.03448912870053527,50547.266935784355,-0.12054813622069072,0.01465000134763917,0.12473130534322967,1.0409817983165468,2194,NA,OOF_stratified,NA,NA,NA,NA,NA,NA,NA,height_quintile,Q1,NA,NA,NA,NA,NA,NA,NA,NA,NA,NA,NA,Corrected pooled development weights
Male,HB,P10,5,0.09069512164202673,0.008534416756771463,18596.031611682407,0.07396688337574736,0.10742335990830609,2.655762239715262e-26,0.9814300984899413,1670,9.069512164202672,OOF_stratified,NA,NA,NA,NA,NA,NA,NA,height_quintile,Q2,NA,NA,NA,NA,NA,NA,NA,NA,NA,NA,NA,Corrected pooled development weights
Male,HB,P5,5,0.045355075997467395,0.005794181415880208,33071.90010948039,0.03399827346668928,0.05671187852824551,5.11657875568318e-15,0.9814300984899413,1670,4.535507599746739,OOF_stratified,NA,NA,NA,NA,NA,NA,NA,height_quintile,Q2,NA,NA,NA,NA,NA,NA,NA,NA,NA,NA,NA,Corrected pooled development weights
Male,HB,mean_z,5,0.01619853617349567,0.03399552979684882,136776.59707251898,-0.05043206749174072,0.08282913983873205,0.6337259616002427,0.9814300984899413,1670,NA,OOF_stratified,NA,NA,NA,NA,NA,NA,NA,height_quintile,Q2,NA,NA,NA,NA,NA,NA,NA,NA,NA,NA,NA,Corrected pooled development weights
Male,HB,P10,5,0.10442069662947397,0.0089843324132293,229.52745506803927,0.08671838824737631,0.12212300501157163,7.355646068018545e-25,1.0027819220493828,1547,10.442069662947397,OOF_stratified,NA,NA,NA,NA,NA,NA,NA,height_quintile,Q3,NA,NA,NA,NA,NA,NA,NA,NA,NA,NA,NA,Corrected pooled development weights
Male,HB,P5,5,0.05000869161684658,0.0068395736947633335,331.01491344183916,0.03655417994118655,0.06346320329250661,1.999465453995282e-12,1.0027819220493828,1547,5.000869161684658,OOF_stratified,NA,NA,NA,NA,NA,NA,NA,height_quintile,Q3,NA,NA,NA,NA,NA,NA,NA,NA,NA,NA,NA,Corrected pooled development weights
Male,HB,mean_z,5,0.0020821109293153064,0.03409400468694482,104766.59097945443,-0.06474168235859551,0.06890590421722612,0.9513038096783848,1.0027819220493828,1547,NA,OOF_stratified,NA,NA,NA,NA,NA,NA,NA,height_quintile,Q3,NA,NA,NA,NA,NA,NA,NA,NA,NA,NA,NA,Corrected pooled development weights
Male,HB,P10,5,0.09602188999059715,0.01091385663156579,969.4012875620252,0.07460438339592404,0.11743939658527025,6.269230757574794e-18,0.9911976245369658,1410,9.602188999059715,OOF_stratified,NA,NA,NA,NA,NA,NA,NA,height_quintile,Q4,NA,NA,NA,NA,NA,NA,NA,NA,NA,NA,NA,Corrected pooled development weights
Male,HB,P5,5,0.051722094488184385,0.007758440397626635,13213.98395851517,0.03651443775514168,0.06692975122122709,2.722725756399255e-11,0.9911976245369658,1410,5.172209448818439,OOF_stratified,NA,NA,NA,NA,NA,NA,NA,height_quintile,Q4,NA,NA,NA,NA,NA,NA,NA,NA,NA,NA,NA,Corrected pooled development weights
Male,HB,mean_z,5,-0.005768064858150495,0.03960874979793867,131416.98465757872,-0.08340050293784476,0.07186437322154376,0.8842168439699944,0.9911976245369658,1410,NA,OOF_stratified,NA,NA,NA,NA,NA,NA,NA,height_quintile,Q4,NA,NA,NA,NA,NA,NA,NA,NA,NA,NA,NA,Corrected pooled development weights
Male,HB,P10,5,0.10082216910194017,0.012366223396635071,291.83199778182734,0.0764838818011779,0.12516045640270243,1.0585614584685477e-14,1.0306107590962672,1290,10.082216910194017,OOF_stratified,NA,NA,NA,NA,NA,NA,NA,height_quintile,Q5,NA,NA,NA,NA,NA,NA,NA,NA,NA,NA,NA,Corrected pooled development weights
Male,HB,P5,5,0.04378833287762766,0.008102912477882543,610.1512299027053,0.02787535056023586,0.05970131519501945,9.356068007153476e-8,1.0306107590962672,1290,4.378833287762766,OOF_stratified,NA,NA,NA,NA,NA,NA,NA,height_quintile,Q5,NA,NA,NA,NA,NA,NA,NA,NA,NA,NA,NA,Corrected pooled development weights
Male,HB,mean_z,5,0.033444728256285014,0.03508584321006479,644999.6191183333,-0.035322389846597774,0.1022118463591678,0.3404760732701916,1.0306107590962672,1290,NA,OOF_stratified,NA,NA,NA,NA,NA,NA,NA,height_quintile,Q5,NA,NA,NA,NA,NA,NA,NA,NA,NA,NA,NA,Corrected pooled development weights
Male,Hcommon,P10,5,0.28300783465870266,0.01212813258619483,1345.642421097339,0.25921573164338596,0.30679993767401936,2.0888894977530528e-101,0.6974290549965859,2595,28.300783465870268,OOF_stratified,NA,NA,NA,NA,NA,NA,NA,bmi_group,18.5-24.9,NA,NA,NA,NA,NA,NA,NA,NA,NA,NA,NA,Corrected pooled development weights
Male,Hcommon,P5,5,0.1224981976812566,0.01014834404840341,268.8562168847074,0.10251786662987362,0.14247852873263958,4.26065614642702e-27,0.6974290549965859,2595,12.24981976812566,OOF_stratified,NA,NA,NA,NA,NA,NA,NA,bmi_group,18.5-24.9,NA,NA,NA,NA,NA,NA,NA,NA,NA,NA,NA,Corrected pooled development weights
Male,Hcommon,mean_z,5,-0.8582389476118136,0.020699052036296482,16433.6291789336,-0.8988113323383861,-0.8176665628852412,0,0.6974290549965859,2595,NA,OOF_stratified,NA,NA,NA,NA,NA,NA,NA,bmi_group,18.5-24.9,NA,NA,NA,NA,NA,NA,NA,NA,NA,NA,NA,Corrected pooled development weights
Male,Hcommon,P10,5,0.019696938935429252,0.0034455043737923814,4022.7634300152213,0.012941841998407522,0.026452035872450982,1.1648460458342474e-8,0.6283757838430224,3070,1.9696938935429251,OOF_stratified,NA,NA,NA,NA,NA,NA,NA,bmi_group,25.0-29.9,NA,NA,NA,NA,NA,NA,NA,NA,NA,NA,NA,Corrected pooled development weights
Male,Hcommon,P5,5,0.006110698224846432,0.002021011214169236,72.77123806988557,0.0020826153568706497,0.010138781092822215,0.0034487575345038164,0.6283757838430224,3070,0.6110698224846431,OOF_stratified,NA,NA,NA,NA,NA,NA,NA,bmi_group,25.0-29.9,NA,NA,NA,NA,NA,NA,NA,NA,NA,NA,NA,Corrected pooled development weights
Male,Hcommon,mean_z,5,-0.002973394165031802,0.016149913964793268,97998.17962707618,-0.034627034839988836,0.02868024650992523,0.8539259151669365,0.6283757838430224,3070,NA,OOF_stratified,NA,NA,NA,NA,NA,NA,NA,bmi_group,25.0-29.9,NA,NA,NA,NA,NA,NA,NA,NA,NA,NA,NA,Corrected pooled development weights
Male,Hcommon,P10,5,9.682655208309704e-4,8.330962201263045e-4,262.29918022869475,-6.721420027708948e-4,0.0026086730444328356,0.24619060838358225,0.570029284695841,1485,0.09682655208309704,OOF_stratified,NA,NA,NA,NA,NA,NA,NA,bmi_group,30.0-34.9,NA,NA,NA,NA,NA,NA,NA,NA,NA,NA,NA,Corrected pooled development weights
Male,Hcommon,P5,5,9.758648466883294e-5,3.240292506305438e-4,13.506277267117438,-5.997781011068107e-4,7.949510704444765e-4,0.7678747448473247,0.570029284695841,1485,0.009758648466883294,OOF_stratified,NA,NA,NA,NA,NA,NA,NA,bmi_group,30.0-34.9,NA,NA,NA,NA,NA,NA,NA,NA,NA,NA,NA,Corrected pooled development weights
Male,Hcommon,mean_z,5,0.6831962875828307,0.019041923222499903,3278.0490271377707,0.645861018534487,0.7205315566311744,4.323065608968671e-238,0.570029284695841,1485,NA,OOF_stratified,NA,NA,NA,NA,NA,NA,NA,bmi_group,30.0-34.9,NA,NA,NA,NA,NA,NA,NA,NA,NA,NA,NA,Corrected pooled development weights
Male,Hcommon,P10,5,0.9632473335353507,0.013818103094604628,77.81950130648123,0.9357365984223638,0.9907580686483377,6.72684019211866e-72,0.517201697842093,141,96.32473335353508,OOF_stratified,NA,NA,NA,NA,NA,NA,NA,bmi_group,<18.5,NA,NA,NA,NA,NA,NA,NA,NA,NA,NA,NA,Corrected pooled development weights
Male,Hcommon,P5,5,0.7969245216844548,0.04797010238466034,25.39296181500426,0.6982057122622751,0.8956433311066345,3.73086865324607e-15,0.517201697842093,141,79.69245216844548,OOF_stratified,NA,NA,NA,NA,NA,NA,NA,bmi_group,<18.5,NA,NA,NA,NA,NA,NA,NA,NA,NA,NA,NA,Corrected pooled development weights
Male,Hcommon,mean_z,5,-2.094966305703957,0.05842901686482097,341.61944643412187,-2.209892233623733,-1.9800403777841813,7.841092545527914e-118,0.517201697842093,141,NA,OOF_stratified,NA,NA,NA,NA,NA,NA,NA,bmi_group,<18.5,NA,NA,NA,NA,NA,NA,NA,NA,NA,NA,NA,Corrected pooled development weights
Male,Hcommon,P10,5,0,0,Inf,0,0,NA,0.6530636452867266,820,0,OOF_stratified,NA,NA,NA,NA,NA,NA,NA,bmi_group,>=35,NA,NA,NA,NA,NA,NA,NA,NA,NA,NA,NA,Corrected pooled development weights
Male,Hcommon,P5,5,0,0,Inf,0,0,NA,0.6530636452867266,820,0,OOF_stratified,NA,NA,NA,NA,NA,NA,NA,bmi_group,>=35,NA,NA,NA,NA,NA,NA,NA,NA,NA,NA,NA,Corrected pooled development weights
Male,Hcommon,mean_z,5,1.512552968412226,0.029236705083427423,32826.362714671064,1.4552479664889915,1.5698579703354607,0,0.6530636452867266,820,NA,OOF_stratified,NA,NA,NA,NA,NA,NA,NA,bmi_group,>=35,NA,NA,NA,NA,NA,NA,NA,NA,NA,NA,NA,Corrected pooled development weights
Male,Hcommon,P10,5,0.09842652406565491,0.01035040527682585,266.50151564067704,0.07804755532266922,0.11880549280864061,1.1877503104356019e-18,0.9585368936505656,2194,9.842652406565492,OOF_stratified,NA,NA,NA,NA,NA,NA,NA,height_quintile,Q1,NA,NA,NA,NA,NA,NA,NA,NA,NA,NA,NA,Corrected pooled development weights
Male,Hcommon,P5,5,0.05041347817514436,0.006499954774303511,8212.041823990136,0.03767192295589027,0.06315503339439846,9.818065989066026e-15,0.9585368936505656,2194,5.041347817514437,OOF_stratified,NA,NA,NA,NA,NA,NA,NA,height_quintile,Q1,NA,NA,NA,NA,NA,NA,NA,NA,NA,NA,NA,Corrected pooled development weights
Male,Hcommon,mean_z,5,-0.023659201965258638,0.03389298618506819,145188.82700231147,-0.09008878800577869,0.0427703840752614,0.4851432986867127,0.9585368936505656,2194,NA,OOF_stratified,NA,NA,NA,NA,NA,NA,NA,height_quintile,Q1,NA,NA,NA,NA,NA,NA,NA,NA,NA,NA,NA,Corrected pooled development weights
Male,Hcommon,P10,5,0.09850377587657622,0.009921361392468521,5040.81927786983,0.07905359465341362,0.11795395709973881,5.08665998964565e-23,1.002318154138477,1670,9.850377587657622,OOF_stratified,NA,NA,NA,NA,NA,NA,NA,height_quintile,Q2,NA,NA,NA,NA,NA,NA,NA,NA,NA,NA,NA,Corrected pooled development weights
Male,Hcommon,P5,5,0.04971038640820196,0.00766839668419859,867.3239622240702,0.03465960198113095,0.06476117083527297,1.5122279013923948e-10,1.002318154138477,1670,4.971038640820196,OOF_stratified,NA,NA,NA,NA,NA,NA,NA,height_quintile,Q2,NA,NA,NA,NA,NA,NA,NA,NA,NA,NA,NA,Corrected pooled development weights
Male,Hcommon,mean_z,5,0.013125896276726973,0.036055023674343475,787424.9189203924,-0.05754076020968413,0.08379255276313807,0.7158194262179105,1.002318154138477,1670,NA,OOF_stratified,NA,NA,NA,NA,NA,NA,NA,height_quintile,Q2,NA,NA,NA,NA,NA,NA,NA,NA,NA,NA,NA,Corrected pooled development weights
Male,Hcommon,P10,5,0.10715697346527553,0.009842671090458537,955.6122613123547,0.08784122810773036,0.12647271882282068,4.2110562578332233e-26,1.0144098926078975,1547,10.715697346527552,OOF_stratified,NA,NA,NA,NA,NA,NA,NA,height_quintile,Q3,NA,NA,NA,NA,NA,NA,NA,NA,NA,NA,NA,Corrected pooled development weights
Male,Hcommon,P5,5,0.04638007375015006,0.0068109521317249976,389.16544178332407,0.032989207501881015,0.059770939998419106,3.723114931957394e-11,1.0144098926078975,1547,4.638007375015006,OOF_stratified,NA,NA,NA,NA,NA,NA,NA,height_quintile,Q3,NA,NA,NA,NA,NA,NA,NA,NA,NA,NA,NA,Corrected pooled development weights
Male,Hcommon,mean_z,5,0.009480616069784878,0.02948199140995218,510719.376567126,-0.048303162229239416,0.06726439436880917,0.7477762389669859,1.0144098926078975,1547,NA,OOF_stratified,NA,NA,NA,NA,NA,NA,NA,height_quintile,Q3,NA,NA,NA,NA,NA,NA,NA,NA,NA,NA,NA,Corrected pooled development weights
Male,Hcommon,P10,5,0.1076914703308401,0.010406558886153994,1853.70920936947,0.08728166343891905,0.12810127722276116,1.9403676506262917e-24,0.9993698148540813,1410,10.76914703308401,OOF_stratified,NA,NA,NA,NA,NA,NA,NA,height_quintile,Q4,NA,NA,NA,NA,NA,NA,NA,NA,NA,NA,NA,Corrected pooled development weights
Male,Hcommon,P5,5,0.0536749438457898,0.007385998012599472,694.6609482464753,0.039173387266789345,0.06817650042479026,9.90195016255572e-13,0.9993698148540813,1410,5.36749438457898,OOF_stratified,NA,NA,NA,NA,NA,NA,NA,height_quintile,Q4,NA,NA,NA,NA,NA,NA,NA,NA,NA,NA,NA,Corrected pooled development weights
Male,Hcommon,mean_z,5,-0.011182078772980547,0.03269588476643324,961170.8803582449,-0.07526491605485759,0.052900758508896494,0.7323489833632945,0.9993698148540813,1410,NA,OOF_stratified,NA,NA,NA,NA,NA,NA,NA,height_quintile,Q4,NA,NA,NA,NA,NA,NA,NA,NA,NA,NA,NA,Corrected pooled development weights
Male,Hcommon,P10,5,0.11603766306232886,0.013101228552477164,430.6447192814843,0.09028735704580307,0.14178796907885466,2.170253271799064e-17,1.0552947607750909,1290,11.603766306232886,OOF_stratified,NA,NA,NA,NA,NA,NA,NA,height_quintile,Q5,NA,NA,NA,NA,NA,NA,NA,NA,NA,NA,NA,Corrected pooled development weights
Male,Hcommon,P5,5,0.04956480689172233,0.008799158503799023,326.49931136910806,0.032254606782451824,0.06687500700099283,3.8274212979127276e-8,1.0552947607750909,1290,4.956480689172233,OOF_stratified,NA,NA,NA,NA,NA,NA,NA,height_quintile,Q5,NA,NA,NA,NA,NA,NA,NA,NA,NA,NA,NA,Corrected pooled development weights
Male,Hcommon,mean_z,5,0.011448975353868551,0.03733554505362777,1191479.0251378291,-0.06172742263070232,0.08462537333843942,0.7591092238889974,1.0552947607750909,1290,NA,OOF_stratified,NA,NA,NA,NA,NA,NA,NA,height_quintile,Q5,NA,NA,NA,NA,NA,NA,NA,NA,NA,NA,NA,Corrected pooled development weights
Female,HB,NA,NA,NA,NA,NA,NA,NA,NA,NA,NA,NA,full_fit_BIC,NA,NA,NA,NA,NA,NA,NA,NA,NA,29313.746207038104,146568.73103519052,29209.16876953868,14.999999619391671,TRUE,-11902.816645696086,NA,NA,NA,NA,NA,Corrected pooled development weights
Female,Hcommon,NA,NA,NA,NA,NA,NA,NA,NA,NA,NA,NA,full_fit_BIC,NA,NA,NA,NA,NA,NA,NA,NA,NA,41216.56285273419,206082.81426367094,41139.872781690516,10.999992579399112,TRUE,0,NA,NA,NA,NA,NA,Corrected pooled development weights
Male,HB,NA,NA,NA,NA,NA,NA,NA,NA,NA,NA,NA,full_fit_BIC,NA,NA,NA,NA,NA,NA,NA,NA,NA,35068.353551976776,175341.76775988386,34858.561343046305,29.96613552501705,TRUE,-10214.534604606,NA,NA,NA,NA,NA,Corrected pooled development weights
Male,Hcommon,NA,NA,NA,NA,NA,NA,NA,NA,NA,NA,NA,full_fit_BIC,NA,NA,NA,NA,NA,NA,NA,NA,NA,45282.888156582776,226414.44078291388,45101.44489049138,25.91685139079072,TRUE,0,NA,NA,NA,NA,NA,Corrected pooled development weights
Female,HB,NA,NA,NA,NA,NA,NA,NA,NA,NA,NA,NA,CV_stability,NA,NA,NA,NA,NA,NA,NA,NA,NA,NA,NA,NA,NA,TRUE,NA,25,39390,39390,0,5.602987051010132,Corrected pooled development weights
Female,Hcommon,NA,NA,NA,NA,NA,NA,NA,NA,NA,NA,NA,CV_stability,NA,NA,NA,NA,NA,NA,NA,NA,NA,NA,NA,NA,NA,TRUE,NA,25,39390,39390,0,12.79219102859497,Corrected pooled development weights
Male,HB,NA,NA,NA,NA,NA,NA,NA,NA,NA,NA,NA,CV_stability,NA,NA,NA,NA,NA,NA,NA,NA,NA,NA,NA,NA,NA,TRUE,NA,25,40555,40555,9,79.19573903083801,Corrected pooled development weights
Male,Hcommon,NA,NA,NA,NA,NA,NA,NA,NA,NA,NA,NA,CV_stability,NA,NA,NA,NA,NA,NA,NA,NA,NA,NA,NA,NA,NA,TRUE,NA,25,40555,40555,0,10.204882860183716,Corrected pooled development weights
