"check","pass","detail"
"Official pooling coefficients sum to one",TRUE,"sum=1.000000000000"
"Official pooling numerators are 108/199/192/80",TRUE,"108,199,192,80"
"2008-2011 final N",TRUE,"N= 16226"
"2024 final N",TRUE,"N= 2513"
"2008-2011 age domain",TRUE,"range=19-69"
"2024 age domain",TRUE,"range=40-69"
"2024 ALM equals sum of limb LN",TRUE,""
"Published 2008-2011 checksum N reproduced",TRUE,""
"Published 2008-2011 checksum estimates reproduce within 0.15 reported units",TRUE,"age 62.06; female 53.89; height_cm 159.66; weight_kg 61.38; alm_ln_sum_corrected_kg 17.23"
"Published 2024 checksum N reproduced",TRUE,"N= 2481"
"Published 2024 checksum estimates reproduce within 0.15 reported units",TRUE,"age 62.85; female 51.79; height_cm 162.65; weight_kg 64.34; alm_ln_kg 17.02; subtotal_fat_pct 36.24; grip_single_max 31.15"
"No infinite numeric estimates: 01_calibration.csv",TRUE,"rows= 16"
"No infinite numeric estimates: 02_z_height_slopes.csv",TRUE,"rows= 32"
"No infinite numeric estimates: 03_low_alm_height_or.csv",TRUE,"rows= 64"
"No infinite numeric estimates: 02_calibration.csv",TRUE,"rows= 4"
"No infinite numeric estimates: 03_z_height_slopes.csv",TRUE,"rows= 8"
"No infinite numeric estimates: 04_low_alm_height_or.csv",TRUE,"rows= 16"
"No infinite numeric estimates: 08_grip_discordance_models.csv",TRUE,"rows= 112"
"All prevalence estimates are within 0-100",TRUE,""
"All odds ratios and confidence limits are positive",TRUE,""
