"section","cohort","sex","subgroup","metric","estimate","se","ci_low","ci_high","p_value","numerator","denominator","raw_proportion_percent","weighted_percent","status","note"
"Consistency checks","2008-2011",,,"Locked analytic sample count",16226,,,,,,,,,"PASS","Locked count=16226"
"Consistency checks","2008-2011","Female",,"Locked analytic sample count",9240,,,,,,,,,"PASS","Locked count=9240"
"Consistency checks","2008-2011","Male",,"Locked analytic sample count",6986,,,,,,,,,"PASS","Locked count=6986"
"Consistency checks","2024",,,"Locked analytic sample count",2513,,,,,,,,,"PASS","Locked count=2513"
"Consistency checks","2024","Female",,"Locked analytic sample count",1505,,,,,,,,,"PASS","Locked count=1505"
"Consistency checks","2024","Male",,"Locked analytic sample count",1008,,,,,,,,,"PASS","Locked count=1008"
"2024 calibration","2024 (40-69)","Female","P5","Below frozen U.S. conditional P5",24.2272500254022,,21.580990989944,27.0859163442936,,363,1505,24.1196013289037,24.2272500254022,"PASS","Frozen U.S. conditional ALM threshold; z < -1.644853627; locked rounded P5=24.23%"
"2024 calibration","2024 (40-69)","Female","P10","Below frozen U.S. conditional P10",39.0177321331743,,35.803876095471,42.3298508842116,,577,1505,38.3388704318937,39.0177321331743,"PASS","Frozen U.S. conditional ALM threshold; z < -1.281551566"
"2024 calibration","2024 (40-69)","Male","P5","Below frozen U.S. conditional P5",18.0678734273526,,15.5398598269228,20.9053496554372,,177,1008,17.5595238095238,18.0678734273526,"PASS","Frozen U.S. conditional ALM threshold; z < -1.644853627; locked rounded P5=18.07%"
"2024 calibration","2024 (40-69)","Male","P10","Below frozen U.S. conditional P10",31.2954042638454,,28.0788677160058,34.7026185099078,,311,1008,30.8531746031746,31.2954042638454,"PASS","Frozen U.S. conditional ALM threshold; z < -1.281551566"
"2024 age-only slope","2024 (40-69)","Female",,"Age-only z slope per 10-cm greater height",0.643325113156309,0.0427667778792681,0.55950376877812,0.727146457534499,3.85867963571235e-51,,,,,"PASS","Survey model: z_age_only ~ height10 + age; locked rounded beta=0.643; no warnings"
"2024 age-only slope","2024 (40-69)","Male",,"Age-only z slope per 10-cm greater height",0.725792000283281,0.0427043081012732,0.642093094420083,0.809490906146478,8.82847849761973e-65,,,,,"PASS","Survey model: z_age_only ~ height10 + age; locked rounded beta=0.726; no warnings"
"Consistency checks","2024 (40-69)","Female",,"Locked conditional-z slope per 10 cm",-0.119243181791944,0.0487601721812791,-0.214811363147223,-0.0236750004366655,0.0144649961834531,,,,,"PASS","Read from locked tables_2024/03_z_height_slopes.csv"
"Consistency checks","2024 (40-69)","Male",,"Locked conditional-z slope per 10 cm",-0.0690900384075352,0.0530618894107907,-0.173089430604332,0.0349093537892618,0.1928941061467,,,,,"PASS","Read from locked tables_2024/03_z_height_slopes.csv"
"FNIH height-quintile audit","2008-2011 (19-69)","Female","Q1","FNIH-low by sex-specific weighted height quintile",0.238819407206499,,0.213550020756816,0.266067318411653,,518,2130,24.3192488262911,23.8819407206499,"PASS","Zero-event quintile: no"
"FNIH height-quintile audit","2008-2011 (19-69)","Female","Q2","FNIH-low by sex-specific weighted height quintile",0.0380430028441713,,0.0288013590031469,0.050097097385496,,70,1919,3.64773319437207,3.80430028441713,"PASS","Zero-event quintile: no"
"FNIH height-quintile audit","2008-2011 (19-69)","Female","Q3","FNIH-low by sex-specific weighted height quintile",0.0133235723896349,,0.00777536260971629,0.0227400452256541,,25,1849,1.35208220659816,1.33235723896349,"PASS","Zero-event quintile: no"
"FNIH height-quintile audit","2008-2011 (19-69)","Female","Q4","FNIH-low by sex-specific weighted height quintile",0.00198666434365446,,0.000654101000156723,0.00601763726092787,,4,1731,0.231080300404391,0.198666434365446,"PASS","Zero-event quintile: no"
"FNIH height-quintile audit","2008-2011 (19-69)","Female","Q5","FNIH-low by sex-specific weighted height quintile",0.000530970080407104,,7.47192775740536e-05,0.00376269573395438,,1,1611,0.0620732464307883,0.0530970080407104,"PASS","Zero-event quintile: no"
"FNIH model audit","2008-2011 (19-69)","Female",,"FNIH survey-logistic coefficient per 10 cm",-3.25184553061089,0.146372872593318,-3.53873108920747,-2.96495997201432,2.39624841968007e-109,,,,,"PASS","Converged=TRUE; finite coefficient/SE=TRUE; abnormal SE=FALSE; numerical warnings=None"
"FNIH model audit","2008-2011 (19-69)","Female",,"FNIH OR per 10-cm greater height",0.0387027148358037,,0.0290501657736226,0.0515625331481454,2.39624841968007e-109,,,,,"PASS","Primary prespecified survey-weighted quasibinomial model retained"
"FNIH model audit","2008-2011 (19-69)","Female",,"Diagnostic-only penalized/Firth sensitivity",,,,,,,,,,"NOT INDICATED","No zero-event quintile, separation warning, nonconvergence, non-finite coefficient/SE, or abnormal SE."
"FNIH height-quintile audit","2008-2011 (19-69)","Male","Q1","FNIH-low by sex-specific weighted height quintile",0.232581316028974,,0.209144197819092,0.257788735372518,,453,1729,26.2001156737999,23.2581316028974,"PASS","Zero-event quintile: no"
"FNIH height-quintile audit","2008-2011 (19-69)","Male","Q2","FNIH-low by sex-specific weighted height quintile",0.0508524820294525,,0.0378163017130786,0.0680646481834318,,80,1476,5.42005420054201,5.08524820294525,"PASS","Zero-event quintile: no"
"FNIH height-quintile audit","2008-2011 (19-69)","Male","Q3","FNIH-low by sex-specific weighted height quintile",0.0229298122388493,,0.0150065561904064,0.0348882647907159,,28,1362,2.05580029368576,2.29298122388493,"PASS","Zero-event quintile: no"
"FNIH height-quintile audit","2008-2011 (19-69)","Male","Q4","FNIH-low by sex-specific weighted height quintile",0,,0,0,,0,1238,0,0,"SPARSE FLAG","Zero-event quintile: yes"
"FNIH height-quintile audit","2008-2011 (19-69)","Male","Q5","FNIH-low by sex-specific weighted height quintile",0.00253970815203359,,0.000616886795657639,0.0103935863417701,,3,1181,0.254022015241321,0.253970815203359,"PASS","Zero-event quintile: no"
"FNIH model audit","2008-2011 (19-69)","Male",,"FNIH survey-logistic coefficient per 10 cm",-3.04013857802419,0.143820538308036,-3.32202165334511,-2.75825550270328,3.5270745868747e-99,,,,,"PASS","Converged=TRUE; finite coefficient/SE=TRUE; abnormal SE=FALSE; numerical warnings=None"
"FNIH model audit","2008-2011 (19-69)","Male",,"FNIH OR per 10-cm greater height",0.0478282610890111,,0.036079817090833,0.0634022770414717,3.5270745868747e-99,,,,,"PASS","Primary prespecified survey-weighted quasibinomial model retained"
"FNIH model audit","2008-2011 (19-69)","Male",,"Diagnostic-only penalized/Firth sensitivity",,,,,,,,,,"NOT RUN","Trigger present (zero-event quintile or numerical issue). Not implemented because the current complex-survey framework has no design-consistent Firth estimator; an unweighted penalized fit would not replace or validate the prespecified survey model."
"FNIH height-quintile audit","2024 (40-69)","Female","Q1","FNIH-low by sex-specific weighted height quintile",0.457748176157159,,0.400838088052581,0.515782670574993,,151,329,45.8966565349544,45.7748176157159,"PASS","Zero-event quintile: no"
"FNIH height-quintile audit","2024 (40-69)","Female","Q2","FNIH-low by sex-specific weighted height quintile",0.140760333745906,,0.0988727749187952,0.196523506213784,,45,312,14.4230769230769,14.0760333745906,"PASS","Zero-event quintile: no"
"FNIH height-quintile audit","2024 (40-69)","Female","Q3","FNIH-low by sex-specific weighted height quintile",0.031633059198339,,0.017797496820153,0.0556152092741301,,11,297,3.7037037037037,3.1633059198339,"PASS","Zero-event quintile: no"
"FNIH height-quintile audit","2024 (40-69)","Female","Q4","FNIH-low by sex-specific weighted height quintile",0.0222080017992567,,0.00964471171077536,0.0503050860892329,,6,294,2.04081632653061,2.22080017992567,"PASS","Zero-event quintile: no"
"FNIH height-quintile audit","2024 (40-69)","Female","Q5","FNIH-low by sex-specific weighted height quintile",0.00388622857670904,,0.000534929569396316,0.0276523086902252,,1,273,0.366300366300366,0.388622857670904,"PASS","Zero-event quintile: no"
"FNIH model audit","2024 (40-69)","Female",,"FNIH survey-logistic coefficient per 10 cm",-3.48426016514416,0.243361215466734,-3.96123938269285,-3.00728094759547,1.7077943905008e-46,,,,,"PASS","Converged=TRUE; finite coefficient/SE=TRUE; abnormal SE=FALSE; numerical warnings=None"
"FNIH model audit","2024 (40-69)","Female",,"FNIH OR per 10-cm greater height",0.0306764455394766,,0.0190395024327738,0.0494258877961329,1.7077943905008e-46,,,,,"PASS","Primary prespecified survey-weighted quasibinomial model retained"
"FNIH model audit","2024 (40-69)","Female",,"Diagnostic-only penalized/Firth sensitivity",,,,,,,,,,"NOT INDICATED","No zero-event quintile, separation warning, nonconvergence, non-finite coefficient/SE, or abnormal SE."
"FNIH height-quintile audit","2024 (40-69)","Male","Q1","FNIH-low by sex-specific weighted height quintile",0.504345098187468,,0.422779665617581,0.585679906506925,,119,227,52.4229074889868,50.4345098187468,"PASS","Zero-event quintile: no"
"FNIH height-quintile audit","2024 (40-69)","Male","Q2","FNIH-low by sex-specific weighted height quintile",0.204171237954828,,0.153065986697701,0.266961000990355,,48,204,23.5294117647059,20.4171237954828,"PASS","Zero-event quintile: no"
"FNIH height-quintile audit","2024 (40-69)","Male","Q3","FNIH-low by sex-specific weighted height quintile",0.0697271209896756,,0.0404140619467118,0.117693767936082,,14,202,6.93069306930693,6.97271209896756,"PASS","Zero-event quintile: no"
"FNIH height-quintile audit","2024 (40-69)","Male","Q4","FNIH-low by sex-specific weighted height quintile",0.0499779598932561,,0.0169795448019439,0.138097094999406,,6,196,3.06122448979592,4.99779598932561,"PASS","Zero-event quintile: no"
"FNIH height-quintile audit","2024 (40-69)","Male","Q5","FNIH-low by sex-specific weighted height quintile",0.0104837168154126,,0.00247434336923669,0.0432939584578791,,2,179,1.11731843575419,1.04837168154126,"PASS","Zero-event quintile: no"
"FNIH model audit","2024 (40-69)","Male",,"FNIH survey-logistic coefficient per 10 cm",-2.88594230518678,0.285145308547093,-3.44481684029965,-2.32706777007392,4.46050478679152e-24,,,,,"PASS","Converged=TRUE; finite coefficient/SE=TRUE; abnormal SE=FALSE; numerical warnings=None"
"FNIH model audit","2024 (40-69)","Male",,"FNIH OR per 10-cm greater height",0.0558021820686353,,0.0319106062444583,0.0975814592730241,4.46050478679152e-24,,,,,"PASS","Primary prespecified survey-weighted quasibinomial model retained"
"FNIH model audit","2024 (40-69)","Male",,"Diagnostic-only penalized/Firth sensitivity",,,,,,,,,,"NOT INDICATED","No zero-event quintile, separation warning, nonconvergence, non-finite coefficient/SE, or abnormal SE."
"Consistency checks","2008-2011 (19-69)","Female",,"Refitted FNIH OR matches locked result",0.0387027148358037,,0.0290501657736226,0.0515625331481454,,,,,,"PASS","Locked OR=0.0387027148358"
"Consistency checks","2008-2011 (19-69)","Male",,"Refitted FNIH OR matches locked result",0.0478282610890111,,0.036079817090833,0.0634022770414717,,,,,,"PASS","Locked OR=0.047828261089"
"Consistency checks","2024 (40-69)","Female",,"Refitted FNIH OR matches locked result",0.0306764455394766,,0.0190395024327738,0.0494258877961329,,,,,,"PASS","Locked OR=0.0306764455395"
"Consistency checks","2024 (40-69)","Male",,"Refitted FNIH OR matches locked result",0.0558021820686353,,0.0319106062444583,0.0975814592730241,,,,,,"PASS","Locked OR=0.0558021820686"
"FNIH annual direction check","2008 (19-69)","Female",,"Locked annual FNIH OR per 10 cm",0.0270388750267346,,0.0126013616537682,0.0580176002243974,1.88362456375702e-20,,,,,"PASS","Read from locked official-weight result; expected inverse height association"
"FNIH annual direction check","2008 (19-69)","Male",,"Locked annual FNIH OR per 10 cm",0.0457035036016341,,0.0248748992426437,0.0839726111486587,2.74408278097229e-23,,,,,"PASS","Read from locked official-weight result; expected inverse height association"
"FNIH annual direction check","2009 (19-69)","Female",,"Locked annual FNIH OR per 10 cm",0.0362511111879367,,0.0212218820690346,0.0619239640520691,6.25697718420046e-34,,,,,"PASS","Read from locked official-weight result; expected inverse height association"
"FNIH annual direction check","2009 (19-69)","Male",,"Locked annual FNIH OR per 10 cm",0.0308682346890763,,0.0177931522721747,0.0535513830402035,3.63009374045554e-35,,,,,"PASS","Read from locked official-weight result; expected inverse height association"
"FNIH annual direction check","2010 (19-69)","Female",,"Locked annual FNIH OR per 10 cm",0.040061567550987,,0.0258063210948484,0.0621913208296352,1.26476334392436e-46,,,,,"PASS","Read from locked official-weight result; expected inverse height association"
"FNIH annual direction check","2010 (19-69)","Male",,"Locked annual FNIH OR per 10 cm",0.0656847981191414,,0.0418478539784961,0.103099497196903,2.49145887806355e-32,,,,,"PASS","Read from locked official-weight result; expected inverse height association"
"FNIH annual direction check","2011 (19-69)","Female",,"Locked annual FNIH OR per 10 cm",0.0512009806456392,,0.0248754294437768,0.105386740156599,7.07384298160437e-16,,,,,"PASS","Read from locked official-weight result; expected inverse height association"
"FNIH annual direction check","2011 (19-69)","Male",,"Locked annual FNIH OR per 10 cm",0.0534144199553162,,0.027063152901344,0.105423794099807,3.03140447188684e-17,,,,,"PASS","Read from locked official-weight result; expected inverse height association"
"Conditional P5 x EWGSOP2 nesting","2008-2011 (19-69)","Female","Neither low","Raw 2x2 classification cell",6504,,67.3255932553384,70.3093622548974,,6504,9240,70.3896103896104,68.8370187651278,"PASS",""
"Conditional P5 x EWGSOP2 nesting","2008-2011 (19-69)","Female","EWGSOP2 only","Raw 2x2 classification cell",1870,,19.7908783198857,22.0414179569822,,1870,9240,20.2380952380952,20.8938587225832,"PASS",""
"Conditional P5 x EWGSOP2 nesting","2008-2011 (19-69)","Female","Conditional P5 only","Raw 2x2 classification cell",0,,0,0,,0,9240,0,0,"PASS","Conditional-P5-only raw count=0"
"Conditional P5 x EWGSOP2 nesting","2008-2011 (19-69)","Female","Both low","Raw 2x2 classification cell",866,,9.34723230538089,11.2706317980671,,866,9240,9.37229437229437,10.2691225181847,"PASS",""
"Conditional P5 x EWGSOP2 nesting","2008-2011 (19-69)","Male","Neither low","Raw 2x2 classification cell",5721,,81.6097318467877,83.9760298720314,,5721,6986,81.8923561408531,82.8251589151136,"PASS",""
"Conditional P5 x EWGSOP2 nesting","2008-2011 (19-69)","Male","EWGSOP2 only","Raw 2x2 classification cell",579,,6.34096871468234,7.65236800534919,,579,6986,8.28800458058975,6.96818257903308,"PASS",""
"Conditional P5 x EWGSOP2 nesting","2008-2011 (19-69)","Male","Conditional P5 only","Raw 2x2 classification cell",0,,0,0,,0,6986,0,0,"PASS","Conditional-P5-only raw count=0"
"Conditional P5 x EWGSOP2 nesting","2008-2011 (19-69)","Male","Both low","Raw 2x2 classification cell",686,,9.25387523078177,11.2453842442891,,686,6986,9.81963927855711,10.206658515039,"PASS",""
"Conditional P5 x EWGSOP2 nesting","2024 (40-69)","Female","Neither low","Raw 2x2 classification cell",702,,43.9955532293668,50.3538691946772,,702,1505,46.6445182724253,47.1632056827136,"PASS",""
"Conditional P5 x EWGSOP2 nesting","2024 (40-69)","Female","EWGSOP2 only","Raw 2x2 classification cell",440,,26.3001422296987,31.0363363431674,,440,1505,29.2358803986711,28.6095442933681,"PASS",""
"Conditional P5 x EWGSOP2 nesting","2024 (40-69)","Female","Conditional P5 only","Raw 2x2 classification cell",0,,0,0,,0,1505,0,0,"PASS","Conditional-P5-only raw count=0"
"Conditional P5 x EWGSOP2 nesting","2024 (40-69)","Female","Both low","Raw 2x2 classification cell",363,,21.580990989944,27.0859163442936,,363,1505,24.1196013289037,24.2272500254022,"PASS",""
"Conditional P5 x EWGSOP2 nesting","2024 (40-69)","Male","Neither low","Raw 2x2 classification cell",702,,67.4551649903531,73.8312438463818,,702,1008,69.6428571428571,70.7449748023841,"PASS",""
"Conditional P5 x EWGSOP2 nesting","2024 (40-69)","Male","EWGSOP2 only","Raw 2x2 classification cell",129,,9.24755769102826,13.4731630211632,,129,1008,12.797619047619,11.1871517769606,"PASS",""
"Conditional P5 x EWGSOP2 nesting","2024 (40-69)","Male","Conditional P5 only","Raw 2x2 classification cell",0,,0,0,,0,1008,0,0,"PASS","Conditional-P5-only raw count=0"
"Conditional P5 x EWGSOP2 nesting","2024 (40-69)","Male","Both low","Raw 2x2 classification cell",177,,15.5398598269228,20.9053496554372,,177,1008,17.5595238095238,18.0678734273526,"PASS",""
