"scope","sex","definition","log_or","se","or_per_10cm","or_lcl","or_ucl","p_value"
"Primary 40-69","Female","Conditional P5",0.219150403954647,0.146929656088671,1.245018518315,0.933488691425788,1.6605140749801,0.135821661703921
"Primary 40-69","Female","Conditional P10",0.320955835275523,0.122342686766349,1.37844470091897,1.08455371027804,1.75197389994126,0.00870527552085968
"Primary 40-69","Female","EWGSOP2",0.274573461163556,0.11252781395733,1.31596924315015,1.05550887704768,1.64070154839535,0.0146852405004186
"Primary 40-69","Female","FNIH",-3.48426016514416,0.243361215466734,0.0306764455394766,0.0190395024327738,0.0494258877961329,1.7077943905008e-46
"Primary 40-69","Male","Conditional P5",0.244687105613323,0.170874039916327,1.27722161520258,0.913730271804608,1.78531357084065,0.152151391036054
"Primary 40-69","Male","Conditional P10",0.11368701699995,0.130398761162258,1.12040140340959,0.867716822849523,1.44666931849939,0.383294995732467
"Primary 40-69","Male","EWGSOP2",-0.0295685271064886,0.136026950274677,0.970864344837225,0.743656197881456,1.26749105132378,0.827918009907226
"Primary 40-69","Male","FNIH",-2.88594230518678,0.285145308547093,0.0558021820686353,0.0319106062444583,0.0975814592730241,4.46050478679152e-24
"Sensitivity 40-59","Female","Conditional P5",0.173954685454254,0.17751208790732,1.1900016402148,0.840328313867347,1.68517932853737,0.327106031241839
"Sensitivity 40-59","Female","Conditional P10",0.267812346537265,0.152655904589619,1.30710183481402,0.969099752642936,1.76299209850658,0.0793700368200136
"Sensitivity 40-59","Female","EWGSOP2",0.208328413780475,0.135335474893508,1.23161758332434,0.944665631839875,1.60573415653891,0.123719323360381
"Sensitivity 40-59","Female","FNIH",-4.00765430014021,0.402996745975415,0.018175980666257,0.00825023653498847,0.0400432486728226,2.66156157234169e-23
"Sensitivity 40-59","Male","Conditional P5",0.181427054601822,0.21358325572865,1.19892707730683,0.788842628981805,1.82219632140678,0.395634175550802
"Sensitivity 40-59","Male","Conditional P10",0.0832503247371146,0.163023994002537,1.08681383088637,0.789566804918206,1.49596499706983,0.6095870409118
"Sensitivity 40-59","Male","EWGSOP2",0.0287761917743391,0.177727806233875,1.02919422656327,0.726465774284346,1.45807386044393,0.871375475396684
"Sensitivity 40-59","Male","FNIH",-2.69576081296999,0.403817329811733,0.067491014197184,0.0305855306712823,0.148927839321139,2.46065386345106e-11
