"sex","comparison","group","n","weighted_percent","lcl","ucl"
"Female","FNIH","Neither low",978,65.687723301172,62.4009836260339,68.830663407621
"Female","FNIH","Conventional-only low",164,10.0850267427753,8.47144213538789,11.9657762957523
"Female","FNIH","Conditional-only low",313,21.0671838720656,18.5505285098928,23.8253891867263
"Female","FNIH","Both low",50,3.16006615325154,2.23353483203118,4.45344013633745
"Female","EWGSOP2","Neither low",702,47.1632056827136,43.9955532293668,50.3538691946772
"Female","EWGSOP2","Conventional-only low",440,28.6095442933681,26.3001422296987,31.0363363431674
"Female","EWGSOP2","Conditional-only low",0,0,0,0
"Female","EWGSOP2","Both low",363,24.2272500254022,21.580990989944,27.0859163442936
"Male","FNIH","Neither low",677,68.3086618022307,64.9260801336456,71.508179431423
"Male","FNIH","Conventional-only low",154,13.6234647704023,11.6016290238462,15.9341371077768
"Male","FNIH","Conditional-only low",142,14.876839138065,12.7654938971039,17.2682637539473
"Male","FNIH","Both low",35,3.19103428948641,2.12155746137459,4.77334224982955
"Male","EWGSOP2","Neither low",702,70.7449748023841,67.4551649903531,73.8312438463818
"Male","EWGSOP2","Conventional-only low",129,11.1871517769606,9.24755769102826,13.4731630211632
"Male","EWGSOP2","Conditional-only low",0,0,0,0
"Male","EWGSOP2","Both low",177,18.0678734273526,15.5398598269228,20.9053496554372
