"scope","year","sex","definition","log_or","se","or_per_10cm","or_lcl","or_ucl","p_value"
"Primary 19-69 pooled",NA,"Female","Conditional P5",-0.165391837130014,0.0882637119127707,0.847561532935095,0.712920380133054,1.00763082684944,0.0609528512227076
"Primary 19-69 pooled",NA,"Female","Conditional P10",-0.101363791461001,0.0650916149963998,0.90360424957509,0.795375449291309,1.02656002341746,0.119411600825811
"Primary 19-69 pooled",NA,"Female","EWGSOP2",-0.207138375814771,0.0610967380106467,0.812907155514516,0.721166108553684,0.916318772677751,0.00069807401896443
"Primary 19-69 pooled",NA,"Female","FNIH",-3.25184553061089,0.146372872593318,0.0387027148358037,0.0290501657736226,0.0515625331481454,2.39624841968007e-109
"Primary 19-69 pooled",NA,"Male","Conditional P5",0.134229376686934,0.0837661973107918,1.14365511738282,0.970494684788868,1.34771168561368,0.109060794997116
"Primary 19-69 pooled",NA,"Male","Conditional P10",0.115799198005649,0.0632075343148057,1.12277039496137,0.991947305262773,1.27084710358457,0.0669443610958443
"Primary 19-69 pooled",NA,"Male","EWGSOP2",-0.197300843604604,0.0683895304651347,0.820943620520438,0.717959685215047,0.938699542539551,0.00391467327579416
"Primary 19-69 pooled",NA,"Male","FNIH",-3.04013857802419,0.143820538308036,0.0478282610890111,0.036079817090833,0.0634022770414717,3.5270745868747e-99
"Sensitivity 19-59 pooled",NA,"Female","Conditional P5",-0.170329304337285,0.0903034296019433,0.843387039852117,0.706578639818674,1.00668440695158,0.0592695369103696
"Sensitivity 19-59 pooled",NA,"Female","Conditional P10",-0.0999566604373281,0.0668468408558586,0.904876634143745,0.793760055114177,1.03154815834306,0.13483390441603
"Sensitivity 19-59 pooled",NA,"Female","EWGSOP2",-0.199060143777929,0.0650377710513032,0.819500603988378,0.72142140991108,0.930913930070488,0.00220831135446677
"Sensitivity 19-59 pooled",NA,"Female","FNIH",-3.36478760508686,0.177784528734326,0.0345693576940444,0.0243983718000762,0.0489803377524995,6.93758359487875e-80
"Sensitivity 19-59 pooled",NA,"Male","Conditional P5",0.124433286356761,0.0885552403230113,1.13250646430773,0.952055644952455,1.34715958935662,0.159977046514978
"Sensitivity 19-59 pooled",NA,"Male","Conditional P10",0.108536825090299,0.0665317313293033,1.11464595472051,0.978374290397495,1.2698980508472,0.102815584770284
"Sensitivity 19-59 pooled",NA,"Male","EWGSOP2",-0.182063696264379,0.0770610370728013,0.833548244815383,0.71669812399999,0.969449553679613,0.0181476958170316
"Sensitivity 19-59 pooled",NA,"Male","FNIH",-3.17132991241994,0.180431911600385,0.0419477739256402,0.0294526920905852,0.0597437997146311,3.74048908003029e-69
"Age extension 60-69",NA,"Female","Conditional P5",-0.0196292912622671,0.295300087707133,0.980562108879873,0.549686684402048,1.74918199158648,0.947001769226282
"Age extension 60-69",NA,"Female","Conditional P10",-0.128029902276724,0.199434953583209,0.879827069918779,0.595165816803503,1.30063866422865,0.520897073037277
"Age extension 60-69",NA,"Female","EWGSOP2",-0.249843772150261,0.147062414646504,0.778922462947765,0.583867731865869,1.03913980884971,0.0893387498724782
"Age extension 60-69",NA,"Female","FNIH",-2.91371229127791,0.277173963656189,0.0542738749961963,0.0315253505484393,0.0934376130909851,7.58898777334799e-26
"Age extension 60-69",NA,"Male","Conditional P5",0.234120801646731,0.198798596328888,1.2637971517639,0.855972279321475,1.86592869814968,0.238924863708339
"Age extension 60-69",NA,"Male","Conditional P10",0.189775364344197,0.161122813848203,1.20897798758865,0.881597613245306,1.65793072997714,0.238864186853291
"Age extension 60-69",NA,"Male","EWGSOP2",-0.263990668727533,0.13526848467976,0.767980705860487,0.589127867157623,1.00113132895845,0.0509851036323987
"Age extension 60-69",NA,"Male","FNIH",-2.6630289916772,0.201994635041109,0.0697366697195631,0.0469378355118432,0.103609445355621,1.08970203118422e-39
"Recommended height 19-69",NA,"Female","Conditional P5",-0.161320650441128,0.0910816273289204,0.851019147687868,0.711886094744881,1.01734476214334,0.0765331581393997
"Recommended height 19-69",NA,"Female","Conditional P10",-0.112369092382136,0.0688455764781272,0.893714333465591,0.780903307539679,1.0228222907114,0.1026393721826
"Recommended height 19-69",NA,"Female","EWGSOP2",-0.227462722892879,0.0643662985687619,0.796552114102546,0.702142889125731,0.903655481395351,0.000409508215128146
"Recommended height 19-69",NA,"Female","FNIH",-3.60133346073332,0.172271718764149,0.0272873116179217,0.0194680654504564,0.0382471169119737,4.8259905352168e-97
"Recommended height 19-69",NA,"Male","Conditional P5",0.122304088929846,0.0893798696910287,1.13009769973564,0.948496445976793,1.34646873624556,0.171198541736637
"Recommended height 19-69",NA,"Male","Conditional P10",0.11587402393465,0.0667514439200622,1.12285441044246,0.985154889385906,1.27980081166323,0.08258100798589
"Recommended height 19-69",NA,"Male","EWGSOP2",-0.168764080867446,0.0735100143390257,0.844708162697573,0.73136614558813,0.975615133995738,0.0216874829073366
"Recommended height 19-69",NA,"Male","FNIH",-3.0025487132616,0.165586588917521,0.0496603369760512,0.0358973262541139,0.0687000767443601,1.75582353012183e-73
"Primary 19-69 by year",2008,"Female","Conditional P5",-0.376574336506946,0.197384275046484,0.686208105477158,0.466060228866901,1.01034487574143,0.0564140467474949
"Primary 19-69 by year",2008,"Female","Conditional P10",-0.205563455199974,0.147879100086276,0.814188428438386,0.60932641756165,1.08792722241671,0.164505251530259
"Primary 19-69 by year",2008,"Female","EWGSOP2",-0.380364409343912,0.128792385809774,0.683612249125787,0.531106428759957,0.879909716487414,0.00314381579545197
"Primary 19-69 by year",2008,"Female","FNIH",-3.61047963271372,0.389533061021865,0.0270388750267346,0.0126013616537682,0.0580176002243974,1.88362456375702e-20
"Primary 19-69 by year",2008,"Male","Conditional P5",0.361746879251652,0.174318039078993,1.43583545621422,1.02029295903812,2.02061911636191,0.0379668948166706
"Primary 19-69 by year",2008,"Male","Conditional P10",0.341100384576962,0.136828130881855,1.4064944241235,1.07564682249376,1.83910417780459,0.0126700516752933
"Primary 19-69 by year",2008,"Male","EWGSOP2",0.0333145739359433,0.160418997640014,1.0338757184462,0.75495216913841,1.41584996359773,0.835484887771925
"Primary 19-69 by year",2008,"Male","FNIH",-3.08558031877697,0.310370870339464,0.0457035036016341,0.0248748992426437,0.0839726111486587,2.74408278097229e-23
"Primary 19-69 by year",2009,"Female","Conditional P5",-0.181762029787995,0.179088036012015,0.833799736308662,0.586977887375432,1.18440918341397,0.310138639091426
"Primary 19-69 by year",2009,"Female","Conditional P10",-0.166111070024812,0.113065968443381,0.846952157967772,0.678604838829537,1.05706283958057,0.141791622907016
"Primary 19-69 by year",2009,"Female","EWGSOP2",-0.351926024218704,0.100896266340993,0.703332149597202,0.577134999200494,0.85712374633716,0.000486650834956757
"Primary 19-69 by year",2009,"Female","FNIH",-3.31728524469094,0.273187270834247,0.0362511111879367,0.0212218820690346,0.0619239640520691,6.25697718420046e-34
"Primary 19-69 by year",2009,"Male","Conditional P5",0.120651477508748,0.143570942355381,1.1282316297391,0.851511393269791,1.49487912951558,0.400705787147931
"Primary 19-69 by year",2009,"Male","Conditional P10",0.0422744742095452,0.102285887264752,1.04318076567585,0.853677167253496,1.27475133647672,0.67938885668125
"Primary 19-69 by year",2009,"Male","EWGSOP2",-0.115911580647831,0.111803781577587,0.890553962020801,0.715307351885827,1.10873508734401,0.299856510594544
"Primary 19-69 by year",2009,"Male","FNIH",-3.4780276274263,0.281083722165939,0.0308682346890763,0.0177931522721747,0.0535513830402035,3.63009374045554e-35
"Primary 19-69 by year",2010,"Female","Conditional P5",-0.110495840853092,0.129394909683788,0.895390054240517,0.694818093521731,1.15386078271112,0.3931367289473
"Primary 19-69 by year",2010,"Female","Conditional P10",-0.0313532757599809,0.107116337507036,0.969133141346141,0.785607920861573,1.19553153769809,0.769749159321085
"Primary 19-69 by year",2010,"Female","EWGSOP2",-0.0442298005724729,0.108129331793118,0.956734074171411,0.774018583059853,1.18258154095229,0.682506379350705
"Primary 19-69 by year",2010,"Female","FNIH",-3.21733781943047,0.224390854844973,0.040061567550987,0.0258063210948484,0.0621913208296352,1.26476334392436e-46
"Primary 19-69 by year",2010,"Male","Conditional P5",-0.0218786178974871,0.122864133569544,0.978358983114502,0.768981863188146,1.24474496169834,0.858666713183286
"Primary 19-69 by year",2010,"Male","Conditional P10",0.0459751385098124,0.107906090636564,1.04704837945034,0.847455530195142,1.29364936548013,0.670059605015378
"Primary 19-69 by year",2010,"Male","EWGSOP2",-0.388414207963927,0.103999453527617,0.678131397657668,0.553081787099395,0.831454231933514,0.000187885608001479
"Primary 19-69 by year",2010,"Male","FNIH",-2.72288776353511,0.230018001489516,0.0656847981191414,0.0418478539784961,0.103099497196903,2.49145887806355e-32
"Primary 19-69 by year",2011,"Female","Conditional P5",-0.0904024385772449,0.216675256193119,0.91356345810409,0.597453909504312,1.39692481496278,0.676513486953058
"Primary 19-69 by year",2011,"Female","Conditional P10",-0.0322706681577848,0.179488143754036,0.968244473660625,0.681089902881238,1.37646639130666,0.857315270283443
"Primary 19-69 by year",2011,"Female","EWGSOP2",-0.0673718644316633,0.165749402469092,0.934847500157595,0.675545528783122,1.29368016116568,0.684398603795919
"Primary 19-69 by year",2011,"Female","FNIH",-2.97199659388496,0.368311940333702,0.0512009806456392,0.0248754294437768,0.105386740156599,7.07384298160437e-16
"Primary 19-69 by year",2011,"Male","Conditional P5",0.38437731323902,0.317598693207308,1.46869949691356,0.788120180849981,2.73699146988946,0.226178756252542
"Primary 19-69 by year",2011,"Male","Conditional P10",0.191380760239677,0.19565132596841,1.21092043466874,0.825233590944066,1.77686453289046,0.32798898077553
"Primary 19-69 by year",2011,"Male","EWGSOP2",-0.144794824018696,0.238880479544624,0.865199793117327,0.541727614285187,1.38182116301752,0.544422318938913
"Primary 19-69 by year",2011,"Male","FNIH",-2.9296745328529,0.346898014624658,0.0534144199553162,0.027063152901344,0.105423794099807,3.03140447188684e-17
