"sex","comparison","group","unweighted_n","weighted_percent","percent_lcl","percent_ucl","mean_age","mean_height_cm","mean_bmi","mean_alm_kg","mean_almi"
"Female","Conditional P5 vs FNIH","Neither",7838,84.6706276952774,83.495885869325,85.7759974655864,42.366463305945,158.535637169951,23.3166124361034,15.1740391316117,6.03087402316032
"Female","Conditional P5 vs FNIH","FNIH only",536,5.06024979875283,4.48322192399,5.70710843589565,54.1751785137515,149.265262191282,27.4108433222346,13.1679385495952,5.90479532748766
"Female","Conditional P5 vs FNIH","Conditional only",784,9.41507830935732,8.61472426358923,10.2814238797296,34.4742873911215,159.70065733191,19.0269043657172,12.2109949429933,4.78163219164334
"Female","Conditional P5 vs FNIH","Both",82,0.854044255751278,0.562440166875952,1.29486538065162,48.5527309460945,150.885185192457,22.6567785241703,10.6080018241701,4.65393679012066
"Female","Conditional P5 vs EWGSOP2","Neither",6504,68.8370187651278,67.3255932553384,70.3093622548974,44.0374317304372,157.940680699373,24.368730461741,15.6145378646391,6.25021582879324
"Female","Conditional P5 vs EWGSOP2","EWGSOP2 only",1870,20.8938587225832,19.7908783198857,22.0414179569822,39.721215395924,158.250606845559,20.8418739030633,13.2369153986034,5.27769454141665
"Female","Conditional P5 vs EWGSOP2","Conditional only",0,0,0,0,NA,NA,NA,NA,NA
"Female","Conditional P5 vs EWGSOP2","Both",866,10.2691225181847,9.34723230538089,11.2706317980671,35.6451385350871,158.967507705052,19.3287873327,12.0776800407021,4.77101224588242
"Male","Conditional P5 vs FNIH","Neither",5808,84.4024939470068,83.1658551438572,85.5640577372898,40.9821144219079,171.730672274751,24.3867143936681,23.5875868024787,7.98182090490574
"Male","Conditional P5 vs FNIH","FNIH only",492,5.39084754955767,4.82035141496595,6.0245890354634,51.4407984409359,161.712579786923,26.8770633806318,19.9044426729909,7.59987950074318
"Male","Conditional P5 vs FNIH","Conditional only",614,9.27104478540032,8.39332173756681,10.2303043833747,40.0340580625518,172.553718301322,19.8819179719941,19.1261575590365,6.41174637684366
"Male","Conditional P5 vs FNIH","Both",72,0.935613814073088,0.698043295755101,1.25301831951529,47.4696520340641,164.107189950263,22.3347995783107,16.5260063892496,6.12184559077581
"Male","Conditional P5 vs EWGSOP2","Neither",5721,82.8251589151136,81.6097318467877,83.9760298720314,41.1297170585083,171.379175545841,24.7967001569813,23.7089184400349,8.05584686692849
"Male","Conditional P5 vs EWGSOP2","EWGSOP2 only",579,6.96818257903308,6.34096871468234,7.65236800534919,47.3189115360418,168.158257717223,21.4401721584983,19.2959970918077,6.80644987274988
"Male","Conditional P5 vs EWGSOP2","Conditional only",0,0,0,0,NA,NA,NA,NA,NA
"Male","Conditional P5 vs EWGSOP2","Both",686,10.206658515039,9.25387523078177,11.2453842442891,40.7156566906171,171.779450346663,20.1067662819041,18.8878094893491,6.38517204010393
