"sex","metric","equal_year","official","absolute_change"
"Female","mean_z",-0.685910969641775,-0.6971489852862,-0.0112380156444249
"Male","mean_z",-0.633563993204969,-0.64384506656845,-0.0102810733634807
"Female","p5_percent",9.76592948678241,10.2691225181847,0.503193031402301
"Male","p5_percent",9.76306486662888,10.206658515039,0.443593648410092
"Female","conditional_z_slope",0.0116965173450691,0.0213557864087638,0.00965926906369468
"Male","conditional_z_slope",-0.0739131586338335,-0.0785929778731877,-0.00467981923935423
"Female","Conditional P5_OR",0.841869272002192,0.847561532935095,0.00569226093290254
"Female","FNIH_OR",0.0398199563334513,0.0387027148358037,-0.00111724149764768
"Male","Conditional P5_OR",1.20911776500496,1.14365511738282,-0.0654626476221338
"Male","FNIH_OR",0.0485907468356576,0.0478282610890111,-0.00076248574664646
