"item","value"
"script version","2026-09-07-v2"
"R version","4.2.1"
"survey version","4.4.2"
"gamlss version","5.4.22"
"gamlss.dist version","6.1.1"
"bootstrap type","survey::as.svrepdesign(type='bootstrap'); PSU resampling within strata"
"optimizer","RS c.crit=.001; nonconverged fits rescued by mixed RS/CG c.crit=.01"
"seed","260905"
"requested replicates","500"
"workers","7"
"analytic N","16226"
"strata","97"
"PSUs","579"
"singleton strata","6"
"singleton rows","191"
"singleton weighted percent","1.30390554064262"
"successful female fits","500"
"successful male fits","493"
