"scope","year","sex","score","estimate","se","lcl","ucl","p_value"
"Primary 19-69 pooled",NA,"Female","z_age_only",0.739498572908501,0.0184542339762831,0.703328938952711,0.775668206864291,0
"Primary 19-69 pooled",NA,"Female","z_conditional",0.0213557864087638,0.0201505473617256,-0.0181385606889871,0.0608501335065146,0.289230260444074
"Primary 19-69 pooled",NA,"Male","z_age_only",0.744171998535978,0.0157421572234574,0.713317937339035,0.775026059732922,0
"Primary 19-69 pooled",NA,"Male","z_conditional",-0.0785929778731877,0.0209067618163687,-0.119569478066628,-0.0376164776797479,0.000170448450694085
"Sensitivity 19-59 pooled",NA,"Female","z_age_only",0.738406041358128,0.0204337443890165,0.698356638286359,0.778455444429898,6.04091680073482e-286
"Sensitivity 19-59 pooled",NA,"Female","z_conditional",0.0239762038795033,0.0223203789209893,-0.0197709349269228,0.0677233426859294,0.282740021892338
"Sensitivity 19-59 pooled",NA,"Male","z_age_only",0.743307537461343,0.0171148569161482,0.709763034305137,0.77685204061755,0
"Sensitivity 19-59 pooled",NA,"Male","z_conditional",-0.0646602014200249,0.0230751216428771,-0.109886608778945,-0.019433794061105,0.00507615647871984
"Age extension 60-69",NA,"Female","z_age_only",0.753660700791749,0.0323428011477974,0.690269975382925,0.817051426200573,4.2043964371483e-120
"Age extension 60-69",NA,"Female","z_conditional",-0.00215078764174652,0.0347972438319822,-0.0703521323136902,0.0660505570301972,0.950714826430158
"Age extension 60-69",NA,"Male","z_age_only",0.753077264230337,0.0337345671244903,0.686958727632287,0.819195800828387,2.17968986149761e-110
"Age extension 60-69",NA,"Male","z_conditional",-0.194997863787164,0.0454997392405445,-0.284175714004595,-0.105820013569733,1.82171318604552e-05
"Primary 19-69 by year",2008,"Female","z_age_only",0.777510309399968,0.0306424342958846,0.717452241781399,0.837568377018537,4.92859432900582e-142
"Primary 19-69 by year",2008,"Female","z_conditional",0.0643327760466442,0.0341368556055351,-0.00257423148564888,0.131239783578937,0.0594899658560165
"Primary 19-69 by year",2008,"Male","z_age_only",0.735247149963603,0.0327104910326376,0.671135765623012,0.799358534304193,6.905075227186e-112
"Primary 19-69 by year",2008,"Male","z_conditional",-0.0969565217051605,0.0420672341508458,-0.179406785570032,-0.0145062578402894,0.0211778298137556
"Primary 19-69 by year",2009,"Female","z_age_only",0.780878675386767,0.0310134504199214,0.720093429527403,0.841663921246132,6.8539977551836e-140
"Primary 19-69 by year",2009,"Female","z_conditional",0.0674871140154298,0.0335823096114173,0.00166699665937851,0.133307231371481,0.0444732112763349
"Primary 19-69 by year",2009,"Male","z_age_only",0.73279597865531,0.0240686612344608,0.685622269479671,0.779969687830949,1.35062954702905e-203
"Primary 19-69 by year",2009,"Male","z_conditional",-0.107801174095365,0.0332987570682253,-0.173065538679035,-0.0425368095116946,0.00120627025534916
"Primary 19-69 by year",2010,"Female","z_age_only",0.708497183183751,0.0348741689588442,0.640145068033652,0.776849298333851,9.31894026339579e-92
"Primary 19-69 by year",2010,"Female","z_conditional",-0.0126820208391868,0.0380720128756711,-0.0873017948944473,0.0619377532160737,0.739054172927797
"Primary 19-69 by year",2010,"Male","z_age_only",0.754717250834761,0.0299774042242741,0.695962618205185,0.813471883464338,7.30107312677796e-140
"Primary 19-69 by year",2010,"Male","z_conditional",-0.0557895010776454,0.0401401662155124,-0.134462781193501,0.0228837790382103,0.1645692024035
"Primary 19-69 by year",2011,"Female","z_age_only",0.663058986725637,0.0495689610469187,0.565905608322607,0.760212365128666,8.29679296862559e-41
"Primary 19-69 by year",2011,"Female","z_conditional",-0.0659949242432475,0.055063506390453,-0.173917413631026,0.0419275651445315,0.230713153893379
"Primary 19-69 by year",2011,"Male","z_age_only",0.756224919146759,0.0473787517522189,0.663364272079946,0.849085566213572,2.37852429475664e-57
"Primary 19-69 by year",2011,"Male","z_conditional",-0.0383973107820939,0.057538250905224,-0.151170210289762,0.0743755887255742,0.504557929292012
