"sex","height_quintile","definition","n","prevalence_percent","lcl","ucl"
"Female","Q1","Conditional P5",2130,8.20935554700187,6.52888379588685,10.2748178473406
"Female","Q1","Conditional P10",2130,16.3421614148836,14.2299236447366,18.6995756565056
"Female","Q1","EWGSOP2",2130,28.1678198351404,25.520064913627,30.9760332514734
"Female","Q1","FNIH",2130,23.8819407206499,21.3550020756816,26.6067318411653
"Female","Q2","Conditional P5",1919,8.28243453008361,6.75581749099522,10.1165944908668
"Female","Q2","Conditional P10",1919,18.1778240350469,16.0574746699544,20.5097508024858
"Female","Q2","EWGSOP2",1919,28.1226913841815,25.6313366640618,30.7560570905485
"Female","Q2","FNIH",1919,3.80430028441713,2.88013590031469,5.0097097385496
"Female","Q3","Conditional P5",1849,11.6588517909485,9.79877473622956,13.8179321847292
"Female","Q3","Conditional P10",1849,23.413467843397,21.0008880357363,26.0119454316222
"Female","Q3","EWGSOP2",1849,33.3089155681103,30.5543315045531,36.1824479775363
"Female","Q3","FNIH",1849,1.33235723896349,0.777536260971629,2.27400452256541
"Female","Q4","Conditional P5",1731,10.6414370667721,8.92919538643413,12.636456293646
"Female","Q4","Conditional P10",1731,23.3652353955678,20.8833004137736,26.0450386589084
"Female","Q4","EWGSOP2",1731,33.2587599397782,30.2995714554417,36.3562075788413
"Female","Q4","FNIH",1731,0.198666434365446,0.0654101000156723,0.601763726092786
"Female","Q5","Conditional P5",1611,12.5895276376328,10.7141253770466,14.7390107948636
"Female","Q5","Conditional P10",1611,24.9634927942312,22.4950376721052,27.6063384097982
"Female","Q5","EWGSOP2",1611,32.9719579927612,30.176085902144,35.893709285414
"Female","Q5","FNIH",1611,0.0530970080407104,0.00747192775740536,0.376269573395438
"Male","Q1","Conditional P5",1729,8.51393695172734,6.98698040055685,10.3375111359999
"Male","Q1","Conditional P10",1729,18.7669352016692,16.5099662540128,21.2538962802267
"Male","Q1","EWGSOP2",1729,20.6690637783988,18.4303932470393,23.1026415384743
"Male","Q1","FNIH",1729,23.2581316028974,20.9144197819092,25.7788735372518
"Male","Q2","Conditional P5",1476,9.14240630064597,7.51057907443796,11.0862834002141
"Male","Q2","Conditional P10",1476,17.8780554789944,15.632513239439,20.3682859550879
"Male","Q2","EWGSOP2",1476,17.5811704992369,15.4092060670892,19.9869435181336
"Male","Q2","FNIH",1476,5.08524820294525,3.78163017130786,6.80646481834318
"Male","Q3","Conditional P5",1362,10.9661493426907,8.9739129210731,13.3358713331111
"Male","Q3","Conditional P10",1362,22.0737678610206,19.4327113537024,24.9625523270267
"Male","Q3","EWGSOP2",1362,16.7992275462847,14.5043703736004,19.3748906167221
"Male","Q3","FNIH",1362,2.29298122388493,1.50065561904064,3.48882647907159
"Male","Q4","Conditional P5",1238,12.5625937222871,10.411540787993,15.0832380350366
"Male","Q4","Conditional P10",1238,24.8558983087725,21.9469869196245,28.0119949432062
"Male","Q4","EWGSOP2",1238,17.5495949687383,15.0073294220598,20.4190595441132
"Male","Q4","FNIH",1238,0,0,0
"Male","Q5","Conditional P5",1181,9.91341024602656,8.09453152911792,12.0872465465388
"Male","Q5","Conditional P10",1181,21.3572902335446,18.7995972846018,24.1594258630525
"Male","Q5","EWGSOP2",1181,13.1321807134629,10.9827699966901,15.6283944354364
"Male","Q5","FNIH",1181,0.253970815203359,0.0616886795657639,1.03935863417701
