"sex","age_band","n_grid","delta_p50_mean_kg","delta_p50_mean_pct","delta_p5_mean_kg","delta_p5_mean_pct","delta_p10_mean_kg","delta_p10_mean_pct","width_p95_p5_ratio_mean","width_p90_p10_ratio_mean"
"Female","19-29",286,-2.46399759593537,-14.8447997767068,-0.90520643034027,-7.18763697111222,-1.15374198162606,-8.65670633227558,0.524034191322705,0.534918426859061
"Female","30-39",260,-2.28601385599347,-13.5033214027069,-0.734981004790844,-5.72549970053675,-0.980904077171825,-7.21772362349894,0.532289979694465,0.543345461524346
"Female","40-49",260,-1.80793359327496,-10.6803689894203,-0.339863588636579,-2.64870133151672,-0.569678030566685,-4.18962881534474,0.549662374468009,0.561078598903354
"Female","50-59",260,-1.37183308132491,-8.24848441632783,-0.00036214167751584,0.00185015408493503,-0.212421252959338,-1.58103053017938,0.564628303371022,0.576355321155852
"Female","60-69",260,-1.11186049428666,-6.77443812675462,0.198603132175586,1.60844709080691,-0.00237072526245191,0.000136172393046255,0.573699173827639,0.58561462373462
"Male","19-29",297,-1.87499931767678,-7.45194259098981,-0.670080693042404,-3.30427227803254,-0.900617812334655,-4.23178877442423,0.683390733631718,0.697978335282399
"Male","30-39",270,-2.21637645883558,-8.62212499478538,-0.931434748333732,-4.52689725479369,-1.17871392882299,-5.44268610996605,0.674749883772249,0.689153027555387
"Male","40-49",270,-2.26746459910812,-8.82805263826798,-0.974261042074387,-4.74204134695839,-1.22337419620789,-5.65577327016584,0.673229643109198,0.68760027963374
"Male","50-59",270,-1.98210083838535,-7.888541814177,-0.759047256194284,-3.76043345276966,-0.993575606002811,-4.68357925439637,0.680167010485805,0.694685858359485
"Male","60-69",270,-1.78174701323604,-7.31199897205807,-0.621468484048788,-3.15804412571074,-0.843307714131968,-4.08696655955415,0.684424157047272,0.699033698817084
