"sex","probability","us_height_m","korea_height_m","primary_common_min_m","primary_common_max_m","strict_common_min_m","strict_common_max_m","representative_p25_m","representative_p50_m","representative_p75_m"
"Female",0.01,1.467,1.442,1.47,1.72,1.52,1.68,1.56,1.602,1.643
"Female",0.05,1.518,1.485,1.47,1.72,1.52,1.68,1.56,1.602,1.643
"Female",0.25,1.583,1.542,1.47,1.72,1.52,1.68,1.56,1.602,1.643
"Female",0.5,1.628,1.581,1.47,1.72,1.52,1.68,1.56,1.602,1.643
"Female",0.75,1.672,1.62,1.47,1.72,1.52,1.68,1.56,1.602,1.643
"Female",0.95,1.737,1.68,1.47,1.72,1.52,1.68,1.56,1.602,1.643
"Female",0.99,1.783,1.72,1.47,1.72,1.52,1.68,1.56,1.602,1.643
"Male",0.01,1.582,1.559,1.59,1.85,1.64,1.81,1.689,1.733,1.778
"Male",0.05,1.639,1.61,1.59,1.85,1.64,1.81,1.689,1.733,1.778
"Male",0.25,1.715,1.669,1.59,1.85,1.64,1.81,1.689,1.733,1.778
"Male",0.5,1.765,1.713,1.59,1.85,1.64,1.81,1.689,1.733,1.778
"Male",0.75,1.817,1.755,1.59,1.85,1.64,1.81,1.689,1.733,1.778
"Male",0.95,1.889,1.815,1.59,1.85,1.64,1.81,1.689,1.733,1.778
"Male",0.99,1.943,1.856,1.59,1.85,1.64,1.81,1.689,1.733,1.778
