"sex","age","height_m","height_level","centile","reference","alm_kg"
"Female",19,1.56,"P25: 156.0 cm","P5","U.S.",11.8935173373693
"Female",19,1.56,"P25: 156.0 cm","P5","Korea",11.051053259832
"Female",19,1.56,"P25: 156.0 cm","P50","U.S.",15.5894915444116
"Female",19,1.56,"P25: 156.0 cm","P50","Korea",13.2901713943127
"Female",20,1.56,"P25: 156.0 cm","P5","U.S.",11.9368889456877
"Female",20,1.56,"P25: 156.0 cm","P5","Korea",11.0690628720302
"Female",20,1.56,"P25: 156.0 cm","P50","U.S.",15.6463415405619
"Female",20,1.56,"P25: 156.0 cm","P50","Korea",13.3118300387181
"Female",21,1.56,"P25: 156.0 cm","P5","U.S.",11.9797219849459
"Female",21,1.56,"P25: 156.0 cm","P5","Korea",11.0883698346047
"Female",21,1.56,"P25: 156.0 cm","P50","U.S.",15.7024857276777
"Female",21,1.56,"P25: 156.0 cm","P50","Korea",13.3350488972002
"Female",22,1.56,"P25: 156.0 cm","P5","U.S.",12.0218372263752
"Female",22,1.56,"P25: 156.0 cm","P5","Korea",11.1095154145609
"Female",22,1.56,"P25: 156.0 cm","P50","U.S.",15.7576892108092
"Female",22,1.56,"P25: 156.0 cm","P50","Korea",13.3604789060187
"Female",23,1.56,"P25: 156.0 cm","P5","U.S.",12.0630535307802
"Female",23,1.56,"P25: 156.0 cm","P5","Korea",11.1330408789045
"Female",23,1.56,"P25: 156.0 cm","P50","U.S.",15.8117145903564
"Female",23,1.56,"P25: 156.0 cm","P50","Korea",13.3887710014331
"Female",24,1.56,"P25: 156.0 cm","P5","U.S.",12.1030510813923
"Female",24,1.56,"P25: 156.0 cm","P5","Korea",11.1594803484411
"Female",24,1.56,"P25: 156.0 cm","P50","U.S.",15.8641426545935
"Female",24,1.56,"P25: 156.0 cm","P50","Korea",13.4205675255701
"Female",25,1.56,"P25: 156.0 cm","P5","U.S.",12.1412800061543
"Female",25,1.56,"P25: 156.0 cm","P5","Korea",11.1890901354541
"Female",25,1.56,"P25: 156.0 cm","P50","U.S.",15.9142525796438
"Female",25,1.56,"P25: 156.0 cm","P50","Korea",13.4561767236347
"Female",26,1.56,"P25: 156.0 cm","P5","U.S.",12.1771687661174
"Female",26,1.56,"P25: 156.0 cm","P5","Korea",11.2217656691309
"Female",26,1.56,"P25: 156.0 cm","P50","U.S.",15.9612951354251
"Female",26,1.56,"P25: 156.0 cm","P50","Korea",13.4954728371141
"Female",27,1.56,"P25: 156.0 cm","P5","U.S.",12.2101458223329
"Female",27,1.56,"P25: 156.0 cm","P5","Korea",11.257378260234
"Female",27,1.56,"P25: 156.0 cm","P50","U.S.",16.0045210918552
"Female",27,1.56,"P25: 156.0 cm","P50","Korea",13.5383011022964
"Female",28,1.56,"P25: 156.0 cm","P5","U.S.",12.2396398121669
"Female",28,1.56,"P25: 156.0 cm","P5","Korea",11.2957992195259
"Female",28,1.56,"P25: 156.0 cm","P50","U.S.",16.0431814499789
"Female",28,1.56,"P25: 156.0 cm","P50","Korea",13.5845067554697
"Female",29,1.56,"P25: 156.0 cm","P5","U.S.",12.2652789476029
"Female",29,1.56,"P25: 156.0 cm","P5","Korea",11.3368981274927
"Female",29,1.56,"P25: 156.0 cm","P50","U.S.",16.0767888281074
"Female",29,1.56,"P25: 156.0 cm","P50","Korea",13.6339329520643
"Female",30,1.56,"P25: 156.0 cm","P5","U.S.",12.2872741397331
"Female",30,1.56,"P25: 156.0 cm","P5","Korea",11.3804106924797
"Female",30,1.56,"P25: 156.0 cm","P50","U.S.",16.1056196899253
"Female",30,1.56,"P25: 156.0 cm","P50","Korea",13.6862618507572
"Female",31,1.56,"P25: 156.0 cm","P5","U.S.",12.305942075005
"Female",31,1.56,"P25: 156.0 cm","P5","Korea",11.4258457002618
"Female",31,1.56,"P25: 156.0 cm","P50","U.S.",16.1300891573281
"Female",31,1.56,"P25: 156.0 cm","P50","Korea",13.740902709554
"Female",32,1.56,"P25: 156.0 cm","P5","U.S.",12.3215994398659
"Female",32,1.56,"P25: 156.0 cm","P5","Korea",11.4726899556931
"Female",32,1.56,"P25: 156.0 cm","P50","U.S.",16.1506123522112
"Female",32,1.56,"P25: 156.0 cm","P50","Korea",13.7972383518573
"Female",33,1.56,"P25: 156.0 cm","P5","U.S.",12.3345629207635
"Female",33,1.56,"P25: 156.0 cm","P5","Korea",11.5204302636272
"Female",33,1.56,"P25: 156.0 cm","P50","U.S.",16.16760439647
"Female",33,1.56,"P25: 156.0 cm","P50","Korea",13.8546516010692
"Female",34,1.56,"P25: 156.0 cm","P5","U.S.",12.3451336842124
"Female",34,1.56,"P25: 156.0 cm","P5","Korea",11.5685534713122
"Female",34,1.56,"P25: 156.0 cm","P50","U.S.",16.1814600717654
"Female",34,1.56,"P25: 156.0 cm","P50","Korea",13.9125253315762
"Female",35,1.56,"P25: 156.0 cm","P5","U.S.",12.3535299706571
"Female",35,1.56,"P25: 156.0 cm","P5","Korea",11.6165554135516
"Female",35,1.56,"P25: 156.0 cm","P50","U.S.",16.1924654778631
"Female",35,1.56,"P25: 156.0 cm","P50","Korea",13.9702532263408
"Female",36,1.56,"P25: 156.0 cm","P5","U.S.",12.3599424371794
"Female",36,1.56,"P25: 156.0 cm","P5","Korea",11.6639519775721
"Female",36,1.56,"P25: 156.0 cm","P50","U.S.",16.20087056411
"Female",36,1.56,"P25: 156.0 cm","P50","Korea",14.0272530836869
"Female",37,1.56,"P25: 156.0 cm","P5","U.S.",12.364561722274
"Female",37,1.56,"P25: 156.0 cm","P5","Korea",11.710261763825
"Female",37,1.56,"P25: 156.0 cm","P50","U.S.",16.2069252554934
"Female",37,1.56,"P25: 156.0 cm","P50","Korea",14.082945964905
"Female",38,1.56,"P25: 156.0 cm","P5","U.S.",12.367578464436
"Female",38,1.56,"P25: 156.0 cm","P5","Korea",11.7550033727613
"Female",38,1.56,"P25: 156.0 cm","P50","U.S.",16.2108794770008
"Female",38,1.56,"P25: 156.0 cm","P50","Korea",14.1367529312855
"Female",39,1.56,"P25: 156.0 cm","P5","U.S.",12.369136590369
"Female",39,1.56,"P25: 156.0 cm","P5","Korea",11.7976954155294
"Female",39,1.56,"P25: 156.0 cm","P50","U.S.",16.2129219206008
"Female",39,1.56,"P25: 156.0 cm","P50","Korea",14.1880950569835
"Female",40,1.56,"P25: 156.0 cm","P5","U.S.",12.3689011504943
"Female",40,1.56,"P25: 156.0 cm","P5","Korea",11.8378706985035
"Female",40,1.56,"P25: 156.0 cm","P50","U.S.",16.212613534399
"Female",40,1.56,"P25: 156.0 cm","P50","Korea",14.2364104875571
"Female",41,1.56,"P25: 156.0 cm","P5","U.S.",12.3662562046952
"Female",41,1.56,"P25: 156.0 cm","P5","Korea",11.87510420724
"Female",41,1.56,"P25: 156.0 cm","P50","U.S.",16.2091469248386
"Female",41,1.56,"P25: 156.0 cm","P50","Korea",14.281188093916
"Female",42,1.56,"P25: 156.0 cm","P5","U.S.",12.3605822396003
"Female",42,1.56,"P25: 156.0 cm","P5","Korea",11.9089787255771
"Female",42,1.56,"P25: 156.0 cm","P50","U.S.",16.2017100142954
"Female",42,1.56,"P25: 156.0 cm","P50","Korea",14.3219261253068
"Female",43,1.56,"P25: 156.0 cm","P5","U.S.",12.3512597418381
"Female",43,1.56,"P25: 156.0 cm","P5","Korea",11.9390770373529
"Female",43,1.56,"P25: 156.0 cm","P50","U.S.",16.1894907251453
"Female",43,1.56,"P25: 156.0 cm","P50","Korea",14.3581228309759
"Female",44,1.56,"P25: 156.0 cm","P5","U.S.",12.3376942629629
"Female",44,1.56,"P25: 156.0 cm","P5","Korea",11.9649819264055
"Female",44,1.56,"P25: 156.0 cm","P50","U.S.",16.1717098348616
"Female",44,1.56,"P25: 156.0 cm","P50","Korea",14.3892764601698
"Female",45,1.56,"P25: 156.0 cm","P5","U.S.",12.3198678478235
"Female",45,1.56,"P25: 156.0 cm","P5","Korea",11.9864106884379
"Female",45,1.56,"P25: 156.0 cm","P50","U.S.",16.1483437881643
"Female",45,1.56,"P25: 156.0 cm","P50","Korea",14.4150470282308
"Female",46,1.56,"P25: 156.0 cm","P5","U.S.",12.2983390345627
"Female",46,1.56,"P25: 156.0 cm","P5","Korea",12.0036186666132
"Female",46,1.56,"P25: 156.0 cm","P50","U.S.",16.1201246970193
"Female",46,1.56,"P25: 156.0 cm","P50","Korea",14.4357416148845
"Female",47,1.56,"P25: 156.0 cm","P5","U.S.",12.2736914262492
"Female",47,1.56,"P25: 156.0 cm","P5","Korea",12.0169957159597
"Female",47,1.56,"P25: 156.0 cm","P50","U.S.",16.0878175284903
"Female",47,1.56,"P25: 156.0 cm","P50","Korea",14.4518290659523
"Female",48,1.56,"P25: 156.0 cm","P5","U.S.",12.2465086259517
"Female",48,1.56,"P25: 156.0 cm","P5","Korea",12.0269316915055
"Female",48,1.56,"P25: 156.0 cm","P50","U.S.",16.0521872496411
"Female",48,1.56,"P25: 156.0 cm","P50","Korea",14.4637782272555
"Female",49,1.56,"P25: 156.0 cm","P5","U.S.",12.2173745280355
"Female",49,1.56,"P25: 156.0 cm","P5","Korea",12.0338164482786
"Female",49,1.56,"P25: 156.0 cm","P50","U.S.",16.0139992095766
"Female",49,1.56,"P25: 156.0 cm","P50","Korea",14.4720579446157
"Female",50,1.56,"P25: 156.0 cm","P5","U.S.",12.1868959335863
"Female",50,1.56,"P25: 156.0 cm","P5","Korea",12.0380694614981
"Female",50,1.56,"P25: 156.0 cm","P50","U.S.",15.9740488000265
"Female",50,1.56,"P25: 156.0 cm","P50","Korea",14.4771726855639
"Female",51,1.56,"P25: 156.0 cm","P5","U.S.",12.1557186823183
"Female",51,1.56,"P25: 156.0 cm","P5","Korea",12.0402704154526
"Female",51,1.56,"P25: 156.0 cm","P50","U.S.",15.9331826126669
"Female",51,1.56,"P25: 156.0 cm","P50","Korea",14.4798195875921
"Female",52,1.56,"P25: 156.0 cm","P5","U.S.",12.1244924219525
"Female",52,1.56,"P25: 156.0 cm","P5","Korea",12.0410529121172
"Female",52,1.56,"P25: 156.0 cm","P50","U.S.",15.8922522334518
"Female",52,1.56,"P25: 156.0 cm","P50","Korea",14.4807606304541
"Female",53,1.56,"P25: 156.0 cm","P5","U.S.",12.0938668002103
"Female",53,1.56,"P25: 156.0 cm","P5","Korea",12.0410505940979
"Female",53,1.56,"P25: 156.0 cm","P50","U.S.",15.8521092483353
"Female",53,1.56,"P25: 156.0 cm","P50","Korea",14.4807578427675
"Female",54,1.56,"P25: 156.0 cm","P5","U.S.",12.0644913634265
"Female",54,1.56,"P25: 156.0 cm","P5","Korea",12.040897104001
"Female",54,1.56,"P25: 156.0 cm","P50","U.S.",15.8136051103626
"Female",54,1.56,"P25: 156.0 cm","P50","Korea",14.4805732531498
"Female",55,1.56,"P25: 156.0 cm","P5","U.S.",12.0368651953885
"Female",55,1.56,"P25: 156.0 cm","P5","Korea",12.0411590148609
"Female",55,1.56,"P25: 156.0 cm","P50","U.S.",15.7773940291367
"Female",55,1.56,"P25: 156.0 cm","P50","Korea",14.4808882312914
"Female",56,1.56,"P25: 156.0 cm","P5","U.S.",12.011035032298
"Female",56,1.56,"P25: 156.0 cm","P5","Korea",12.0419072136599
"Female",56,1.56,"P25: 156.0 cm","P50","U.S.",15.7435372255297
"Female",56,1.56,"P25: 156.0 cm","P50","Korea",14.4817880269979
"Female",57,1.56,"P25: 156.0 cm","P5","U.S.",11.9869629517673
"Female",57,1.56,"P25: 156.0 cm","P5","Korea",12.0429904194247
"Female",57,1.56,"P25: 156.0 cm","P50","U.S.",15.7119849402937
"Female",57,1.56,"P25: 156.0 cm","P50","Korea",14.4830907073787
"Female",58,1.56,"P25: 156.0 cm","P5","U.S.",11.9646110314084
"Female",58,1.56,"P25: 156.0 cm","P5","Korea",12.0442563032195
"Female",58,1.56,"P25: 156.0 cm","P50","U.S.",15.6826874141805
"Female",58,1.56,"P25: 156.0 cm","P50","Korea",14.4846130792471
"Female",59,1.56,"P25: 156.0 cm","P5","U.S.",11.9439413488335
"Female",59,1.56,"P25: 156.0 cm","P5","Korea",12.0455525361089
"Female",59,1.56,"P25: 156.0 cm","P50","U.S.",15.6555948879419
"Female",59,1.56,"P25: 156.0 cm","P50","Korea",14.4861719494165
"Female",60,1.56,"P25: 156.0 cm","P5","U.S.",11.9249202057848
"Female",60,1.56,"P25: 156.0 cm","P5","Korea",12.0467354129378
"Female",60,1.56,"P25: 156.0 cm","P50","U.S.",15.6306631426393
"Female",60,1.56,"P25: 156.0 cm","P50","Korea",14.4875944957951
"Female",61,1.56,"P25: 156.0 cm","P5","U.S.",11.9075371740454
"Female",61,1.56,"P25: 156.0 cm","P5","Korea",12.0477502571418
"Female",61,1.56,"P25: 156.0 cm","P50","U.S.",15.6078784799909
"Female",61,1.56,"P25: 156.0 cm","P50","Korea",14.488814963482
"Female",62,1.56,"P25: 156.0 cm","P5","U.S.",11.8917897953942
"Female",62,1.56,"P25: 156.0 cm","P5","Korea",12.0485949142479
"Female",62,1.56,"P25: 156.0 cm","P50","U.S.",15.5872376550493
"Female",62,1.56,"P25: 156.0 cm","P50","Korea",14.4898307614739
"Female",63,1.56,"P25: 156.0 cm","P5","U.S.",11.8776756186514
"Female",63,1.56,"P25: 156.0 cm","P5","Korea",12.0492679086231
"Female",63,1.56,"P25: 156.0 cm","P50","U.S.",15.568737432102
"Female",63,1.56,"P25: 156.0 cm","P50","Korea",14.4906401151512
"Female",64,1.56,"P25: 156.0 cm","P5","U.S.",11.865192192637
"Female",64,1.56,"P25: 156.0 cm","P5","Korea",12.0497677646343
"Female",64,1.56,"P25: 156.0 cm","P50","U.S.",15.5523745754366
"Female",64,1.56,"P25: 156.0 cm","P50","Korea",14.4912412498941
"Female",65,1.56,"P25: 156.0 cm","P5","U.S.",11.85432308355
"Female",65,1.56,"P25: 156.0 cm","P5","Korea",12.0500941704713
"Female",65,1.56,"P25: 156.0 cm","P50","U.S.",15.5381275243369
"Female",65,1.56,"P25: 156.0 cm","P50","Korea",14.491633790715
"Female",66,1.56,"P25: 156.0 cm","P5","U.S.",11.8449033925526
"Female",66,1.56,"P25: 156.0 cm","P5","Korea",12.0502642285625
"Female",66,1.56,"P25: 156.0 cm","P50","U.S.",15.5257801463865
"Female",66,1.56,"P25: 156.0 cm","P50","Korea",14.4918383052645
"Female",67,1.56,"P25: 156.0 cm","P5","U.S.",11.8366787259244
"Female",67,1.56,"P25: 156.0 cm","P5","Korea",12.0503084468518
"Female",67,1.56,"P25: 156.0 cm","P50","U.S.",15.514999021141
"Female",67,1.56,"P25: 156.0 cm","P50","Korea",14.4918914828784
"Female",68,1.56,"P25: 156.0 cm","P5","U.S.",11.8293934570596
"Female",68,1.56,"P25: 156.0 cm","P5","Korea",12.0502576781193
"Female",68,1.56,"P25: 156.0 cm","P50","U.S.",15.5054491123907
"Female",68,1.56,"P25: 156.0 cm","P50","Korea",14.4918304275979
"Female",69,1.56,"P25: 156.0 cm","P5","U.S.",11.8227919593534
"Female",69,1.56,"P25: 156.0 cm","P5","Korea",12.0501427751453
"Female",69,1.56,"P25: 156.0 cm","P50","U.S.",15.4967953839275
"Female",69,1.56,"P25: 156.0 cm","P50","Korea",14.4916922434645
"Female",19,1.602,"P50: 160.2 cm","P5","U.S.",12.6236206091412
"Female",19,1.602,"P50: 160.2 cm","P5","Korea",11.7459859484891
"Female",19,1.602,"P50: 160.2 cm","P50","U.S.",16.5464785468727
"Female",19,1.602,"P50: 160.2 cm","P50","Korea",14.1259084342684
"Female",20,1.602,"P50: 160.2 cm","P5","U.S.",12.6669922174597
"Female",20,1.602,"P50: 160.2 cm","P5","Korea",11.7639955606874
"Female",20,1.602,"P50: 160.2 cm","P50","U.S.",16.603328543023
"Female",20,1.602,"P50: 160.2 cm","P50","Korea",14.1475670786737
"Female",21,1.602,"P50: 160.2 cm","P5","U.S.",12.7098252567178
"Female",21,1.602,"P50: 160.2 cm","P5","Korea",11.7833025232618
"Female",21,1.602,"P50: 160.2 cm","P50","U.S.",16.6594727301388
"Female",21,1.602,"P50: 160.2 cm","P50","Korea",14.1707859371559
"Female",22,1.602,"P50: 160.2 cm","P5","U.S.",12.7519404981472
"Female",22,1.602,"P50: 160.2 cm","P5","Korea",11.8044481032181
"Female",22,1.602,"P50: 160.2 cm","P50","U.S.",16.7146762132703
"Female",22,1.602,"P50: 160.2 cm","P50","Korea",14.1962159459743
"Female",23,1.602,"P50: 160.2 cm","P5","U.S.",12.7931568025521
"Female",23,1.602,"P50: 160.2 cm","P5","Korea",11.8279735675617
"Female",23,1.602,"P50: 160.2 cm","P50","U.S.",16.7687015928175
"Female",23,1.602,"P50: 160.2 cm","P50","Korea",14.2245080413888
"Female",24,1.602,"P50: 160.2 cm","P5","U.S.",12.8331543531642
"Female",24,1.602,"P50: 160.2 cm","P5","Korea",11.8544130370982
"Female",24,1.602,"P50: 160.2 cm","P50","U.S.",16.8211296570546
"Female",24,1.602,"P50: 160.2 cm","P50","Korea",14.2563045655258
"Female",25,1.602,"P50: 160.2 cm","P5","U.S.",12.8713832779262
"Female",25,1.602,"P50: 160.2 cm","P5","Korea",11.8840228241113
"Female",25,1.602,"P50: 160.2 cm","P50","U.S.",16.8712395821049
"Female",25,1.602,"P50: 160.2 cm","P50","Korea",14.2919137635904
"Female",26,1.602,"P50: 160.2 cm","P5","U.S.",12.9072720378894
"Female",26,1.602,"P50: 160.2 cm","P5","Korea",11.916698357788
"Female",26,1.602,"P50: 160.2 cm","P50","U.S.",16.9182821378862
"Female",26,1.602,"P50: 160.2 cm","P50","Korea",14.3312098770698
"Female",27,1.602,"P50: 160.2 cm","P5","U.S.",12.9402490941048
"Female",27,1.602,"P50: 160.2 cm","P5","Korea",11.9523109488911
"Female",27,1.602,"P50: 160.2 cm","P50","U.S.",16.9615080943163
"Female",27,1.602,"P50: 160.2 cm","P50","Korea",14.3740381422521
"Female",28,1.602,"P50: 160.2 cm","P5","U.S.",12.9697430839389
"Female",28,1.602,"P50: 160.2 cm","P5","Korea",11.9907319081831
"Female",28,1.602,"P50: 160.2 cm","P50","U.S.",17.0001684524401
"Female",28,1.602,"P50: 160.2 cm","P50","Korea",14.4202437954254
"Female",29,1.602,"P50: 160.2 cm","P5","U.S.",12.9953822193749
"Female",29,1.602,"P50: 160.2 cm","P5","Korea",12.0318308161498
"Female",29,1.602,"P50: 160.2 cm","P50","U.S.",17.0337758305685
"Female",29,1.602,"P50: 160.2 cm","P50","Korea",14.46966999202
"Female",30,1.602,"P50: 160.2 cm","P5","U.S.",13.0173774115051
"Female",30,1.602,"P50: 160.2 cm","P5","Korea",12.0753433811368
"Female",30,1.602,"P50: 160.2 cm","P50","U.S.",17.0626066923864
"Female",30,1.602,"P50: 160.2 cm","P50","Korea",14.5219988907128
"Female",31,1.602,"P50: 160.2 cm","P5","U.S.",13.0360453467769
"Female",31,1.602,"P50: 160.2 cm","P5","Korea",12.120778388919
"Female",31,1.602,"P50: 160.2 cm","P50","U.S.",17.0870761597892
"Female",31,1.602,"P50: 160.2 cm","P50","Korea",14.5766397495097
"Female",32,1.602,"P50: 160.2 cm","P5","U.S.",13.0517027116379
"Female",32,1.602,"P50: 160.2 cm","P5","Korea",12.1676226443502
"Female",32,1.602,"P50: 160.2 cm","P50","U.S.",17.1075993546723
"Female",32,1.602,"P50: 160.2 cm","P50","Korea",14.6329753918129
"Female",33,1.602,"P50: 160.2 cm","P5","U.S.",13.0646661925354
"Female",33,1.602,"P50: 160.2 cm","P5","Korea",12.2153629522844
"Female",33,1.602,"P50: 160.2 cm","P50","U.S.",17.1245913989311
"Female",33,1.602,"P50: 160.2 cm","P50","Korea",14.6903886410249
"Female",34,1.602,"P50: 160.2 cm","P5","U.S.",13.0752369559843
"Female",34,1.602,"P50: 160.2 cm","P5","Korea",12.2634861599694
"Female",34,1.602,"P50: 160.2 cm","P50","U.S.",17.1384470742265
"Female",34,1.602,"P50: 160.2 cm","P50","Korea",14.7482623715319
"Female",35,1.602,"P50: 160.2 cm","P5","U.S.",13.0836332424291
"Female",35,1.602,"P50: 160.2 cm","P5","Korea",12.3114881022087
"Female",35,1.602,"P50: 160.2 cm","P50","U.S.",17.1494524803242
"Female",35,1.602,"P50: 160.2 cm","P50","Korea",14.8059902662964
"Female",36,1.602,"P50: 160.2 cm","P5","U.S.",13.0900457089513
"Female",36,1.602,"P50: 160.2 cm","P5","Korea",12.3588846662293
"Female",36,1.602,"P50: 160.2 cm","P50","U.S.",17.1578575665711
"Female",36,1.602,"P50: 160.2 cm","P50","Korea",14.8629901236425
"Female",37,1.602,"P50: 160.2 cm","P5","U.S.",13.094664994046
"Female",37,1.602,"P50: 160.2 cm","P5","Korea",12.4051944524821
"Female",37,1.602,"P50: 160.2 cm","P50","U.S.",17.1639122579545
"Female",37,1.602,"P50: 160.2 cm","P50","Korea",14.9186830048606
"Female",38,1.602,"P50: 160.2 cm","P5","U.S.",13.097681736208
"Female",38,1.602,"P50: 160.2 cm","P5","Korea",12.4499360614185
"Female",38,1.602,"P50: 160.2 cm","P50","U.S.",17.1678664794619
"Female",38,1.602,"P50: 160.2 cm","P50","Korea",14.9724899712411
"Female",39,1.602,"P50: 160.2 cm","P5","U.S.",13.0992398621409
"Female",39,1.602,"P50: 160.2 cm","P5","Korea",12.4926281041866
"Female",39,1.602,"P50: 160.2 cm","P50","U.S.",17.1699089230619
"Female",39,1.602,"P50: 160.2 cm","P50","Korea",15.0238320969392
"Female",40,1.602,"P50: 160.2 cm","P5","U.S.",13.0990044222663
"Female",40,1.602,"P50: 160.2 cm","P5","Korea",12.5328033871606
"Female",40,1.602,"P50: 160.2 cm","P50","U.S.",17.1696005368602
"Female",40,1.602,"P50: 160.2 cm","P50","Korea",15.0721475275127
"Female",41,1.602,"P50: 160.2 cm","P5","U.S.",13.0963594764672
"Female",41,1.602,"P50: 160.2 cm","P5","Korea",12.5700368958972
"Female",41,1.602,"P50: 160.2 cm","P50","U.S.",17.1661339272998
"Female",41,1.602,"P50: 160.2 cm","P50","Korea",15.1169251338717
"Female",42,1.602,"P50: 160.2 cm","P5","U.S.",13.0906855113723
"Female",42,1.602,"P50: 160.2 cm","P5","Korea",12.6039114142343
"Female",42,1.602,"P50: 160.2 cm","P50","U.S.",17.1586970167566
"Female",42,1.602,"P50: 160.2 cm","P50","Korea",15.1576631652624
"Female",43,1.602,"P50: 160.2 cm","P5","U.S.",13.0813630136101
"Female",43,1.602,"P50: 160.2 cm","P5","Korea",12.6340097260101
"Female",43,1.602,"P50: 160.2 cm","P50","U.S.",17.1464777276064
"Female",43,1.602,"P50: 160.2 cm","P50","Korea",15.1938598709315
"Female",44,1.602,"P50: 160.2 cm","P5","U.S.",13.0677975347349
"Female",44,1.602,"P50: 160.2 cm","P5","Korea",12.6599146150626
"Female",44,1.602,"P50: 160.2 cm","P50","U.S.",17.1286968373227
"Female",44,1.602,"P50: 160.2 cm","P50","Korea",15.2250135001254
"Female",45,1.602,"P50: 160.2 cm","P5","U.S.",13.0499711195955
"Female",45,1.602,"P50: 160.2 cm","P5","Korea",12.681343377095
"Female",45,1.602,"P50: 160.2 cm","P50","U.S.",17.1053307906254
"Female",45,1.602,"P50: 160.2 cm","P50","Korea",15.2507840681865
"Female",46,1.602,"P50: 160.2 cm","P5","U.S.",13.0284423063346
"Female",46,1.602,"P50: 160.2 cm","P5","Korea",12.6985513552704
"Female",46,1.602,"P50: 160.2 cm","P50","U.S.",17.0771116994804
"Female",46,1.602,"P50: 160.2 cm","P50","Korea",15.2714786548402
"Female",47,1.602,"P50: 160.2 cm","P5","U.S.",13.0037946980211
"Female",47,1.602,"P50: 160.2 cm","P5","Korea",12.7119284046169
"Female",47,1.602,"P50: 160.2 cm","P50","U.S.",17.0448045309514
"Female",47,1.602,"P50: 160.2 cm","P50","Korea",15.2875661059079
"Female",48,1.602,"P50: 160.2 cm","P5","U.S.",12.9766118977237
"Female",48,1.602,"P50: 160.2 cm","P5","Korea",12.7218643801626
"Female",48,1.602,"P50: 160.2 cm","P50","U.S.",17.0091742521022
"Female",48,1.602,"P50: 160.2 cm","P50","Korea",15.2995152672112
"Female",49,1.602,"P50: 160.2 cm","P5","U.S.",12.9474777998075
"Female",49,1.602,"P50: 160.2 cm","P5","Korea",12.7287491369358
"Female",49,1.602,"P50: 160.2 cm","P50","U.S.",16.9709862120377
"Female",49,1.602,"P50: 160.2 cm","P50","Korea",15.3077949845714
"Female",50,1.602,"P50: 160.2 cm","P5","U.S.",12.9169992053582
"Female",50,1.602,"P50: 160.2 cm","P5","Korea",12.7330021501552
"Female",50,1.602,"P50: 160.2 cm","P50","U.S.",16.9310358024876
"Female",50,1.602,"P50: 160.2 cm","P50","Korea",15.3129097255195
"Female",51,1.602,"P50: 160.2 cm","P5","U.S.",12.8858219540902
"Female",51,1.602,"P50: 160.2 cm","P5","Korea",12.7352031041098
"Female",51,1.602,"P50: 160.2 cm","P50","U.S.",16.890169615128
"Female",51,1.602,"P50: 160.2 cm","P50","Korea",15.3155566275477
"Female",52,1.602,"P50: 160.2 cm","P5","U.S.",12.8545956937245
"Female",52,1.602,"P50: 160.2 cm","P5","Korea",12.7359856007744
"Female",52,1.602,"P50: 160.2 cm","P50","U.S.",16.8492392359129
"Female",52,1.602,"P50: 160.2 cm","P50","Korea",15.3164976704098
"Female",53,1.602,"P50: 160.2 cm","P5","U.S.",12.8239700719823
"Female",53,1.602,"P50: 160.2 cm","P5","Korea",12.7359832827551
"Female",53,1.602,"P50: 160.2 cm","P50","U.S.",16.8090962507965
"Female",53,1.602,"P50: 160.2 cm","P50","Korea",15.3164948827231
"Female",54,1.602,"P50: 160.2 cm","P5","U.S.",12.7945946351984
"Female",54,1.602,"P50: 160.2 cm","P5","Korea",12.7358297926581
"Female",54,1.602,"P50: 160.2 cm","P50","U.S.",16.7705921128237
"Female",54,1.602,"P50: 160.2 cm","P50","Korea",15.3163102931055
"Female",55,1.602,"P50: 160.2 cm","P5","U.S.",12.7669684671605
"Female",55,1.602,"P50: 160.2 cm","P5","Korea",12.7360917035181
"Female",55,1.602,"P50: 160.2 cm","P50","U.S.",16.7343810315978
"Female",55,1.602,"P50: 160.2 cm","P50","Korea",15.316625271247
"Female",56,1.602,"P50: 160.2 cm","P5","U.S.",12.74113830407
"Female",56,1.602,"P50: 160.2 cm","P5","Korea",12.7368399023171
"Female",56,1.602,"P50: 160.2 cm","P50","U.S.",16.7005242279908
"Female",56,1.602,"P50: 160.2 cm","P50","Korea",15.3175250669536
"Female",57,1.602,"P50: 160.2 cm","P5","U.S.",12.7170662235392
"Female",57,1.602,"P50: 160.2 cm","P5","Korea",12.7379231080818
"Female",57,1.602,"P50: 160.2 cm","P50","U.S.",16.6689719427548
"Female",57,1.602,"P50: 160.2 cm","P50","Korea",15.3188277473344
"Female",58,1.602,"P50: 160.2 cm","P5","U.S.",12.6947143031804
"Female",58,1.602,"P50: 160.2 cm","P5","Korea",12.7391889918767
"Female",58,1.602,"P50: 160.2 cm","P50","U.S.",16.6396744166417
"Female",58,1.602,"P50: 160.2 cm","P50","Korea",15.3203501192028
"Female",59,1.602,"P50: 160.2 cm","P5","U.S.",12.6740446206054
"Female",59,1.602,"P50: 160.2 cm","P5","Korea",12.7404852247661
"Female",59,1.602,"P50: 160.2 cm","P50","U.S.",16.612581890403
"Female",59,1.602,"P50: 160.2 cm","P50","Korea",15.3219089893722
"Female",60,1.602,"P50: 160.2 cm","P5","U.S.",12.6550234775568
"Female",60,1.602,"P50: 160.2 cm","P5","Korea",12.741668101595
"Female",60,1.602,"P50: 160.2 cm","P50","U.S.",16.5876501451004
"Female",60,1.602,"P50: 160.2 cm","P50","Korea",15.3233315357508
"Female",61,1.602,"P50: 160.2 cm","P5","U.S.",12.6376404458174
"Female",61,1.602,"P50: 160.2 cm","P5","Korea",12.742682945799
"Female",61,1.602,"P50: 160.2 cm","P50","U.S.",16.564865482452
"Female",61,1.602,"P50: 160.2 cm","P50","Korea",15.3245520034377
"Female",62,1.602,"P50: 160.2 cm","P5","U.S.",12.6218930671662
"Female",62,1.602,"P50: 160.2 cm","P5","Korea",12.7435276029051
"Female",62,1.602,"P50: 160.2 cm","P50","U.S.",16.5442246575104
"Female",62,1.602,"P50: 160.2 cm","P50","Korea",15.3255678014296
"Female",63,1.602,"P50: 160.2 cm","P5","U.S.",12.6077788904233
"Female",63,1.602,"P50: 160.2 cm","P5","Korea",12.7442005972803
"Female",63,1.602,"P50: 160.2 cm","P50","U.S.",16.5257244345631
"Female",63,1.602,"P50: 160.2 cm","P50","Korea",15.3263771551068
"Female",64,1.602,"P50: 160.2 cm","P5","U.S.",12.5952954644089
"Female",64,1.602,"P50: 160.2 cm","P5","Korea",12.7447004532914
"Female",64,1.602,"P50: 160.2 cm","P50","U.S.",16.5093615778977
"Female",64,1.602,"P50: 160.2 cm","P50","Korea",15.3269782898498
"Female",65,1.602,"P50: 160.2 cm","P5","U.S.",12.584426355322
"Female",65,1.602,"P50: 160.2 cm","P5","Korea",12.7450268591285
"Female",65,1.602,"P50: 160.2 cm","P50","U.S.",16.495114526798
"Female",65,1.602,"P50: 160.2 cm","P50","Korea",15.3273708306707
"Female",66,1.602,"P50: 160.2 cm","P5","U.S.",12.5750066643246
"Female",66,1.602,"P50: 160.2 cm","P5","Korea",12.7451969172197
"Female",66,1.602,"P50: 160.2 cm","P50","U.S.",16.4827671488476
"Female",66,1.602,"P50: 160.2 cm","P50","Korea",15.3275753452201
"Female",67,1.602,"P50: 160.2 cm","P5","U.S.",12.5667819976964
"Female",67,1.602,"P50: 160.2 cm","P5","Korea",12.7452411355089
"Female",67,1.602,"P50: 160.2 cm","P50","U.S.",16.4719860236021
"Female",67,1.602,"P50: 160.2 cm","P50","Korea",15.327628522834
"Female",68,1.602,"P50: 160.2 cm","P5","U.S.",12.5594967288316
"Female",68,1.602,"P50: 160.2 cm","P5","Korea",12.7451903667764
"Female",68,1.602,"P50: 160.2 cm","P50","U.S.",16.4624361148519
"Female",68,1.602,"P50: 160.2 cm","P50","Korea",15.3275674675536
"Female",69,1.602,"P50: 160.2 cm","P5","U.S.",12.5528952311254
"Female",69,1.602,"P50: 160.2 cm","P5","Korea",12.7450754638024
"Female",69,1.602,"P50: 160.2 cm","P50","U.S.",16.4537823863886
"Female",69,1.602,"P50: 160.2 cm","P50","Korea",15.3274292834201
"Female",19,1.643,"P75: 164.3 cm","P5","U.S.",13.3282814986454
"Female",19,1.643,"P75: 164.3 cm","P5","Korea",12.4730676936691
"Female",19,1.643,"P75: 164.3 cm","P50","U.S.",17.4701137417059
"Female",19,1.643,"P75: 164.3 cm","P50","Korea",15.0003084379531
"Female",20,1.643,"P75: 164.3 cm","P5","U.S.",13.3716531069638
"Female",20,1.643,"P75: 164.3 cm","P5","Korea",12.4910773058673
"Female",20,1.643,"P75: 164.3 cm","P50","U.S.",17.5269637378562
"Female",20,1.643,"P75: 164.3 cm","P50","Korea",15.0219670823585
"Female",21,1.643,"P75: 164.3 cm","P5","U.S.",13.4144861462219
"Female",21,1.643,"P75: 164.3 cm","P5","Korea",12.5103842684418
"Female",21,1.643,"P75: 164.3 cm","P50","U.S.",17.583107924972
"Female",21,1.643,"P75: 164.3 cm","P50","Korea",15.0451859408407
"Female",22,1.643,"P75: 164.3 cm","P5","U.S.",13.4566013876513
"Female",22,1.643,"P75: 164.3 cm","P5","Korea",12.5315298483981
"Female",22,1.643,"P75: 164.3 cm","P50","U.S.",17.6383114081035
"Female",22,1.643,"P75: 164.3 cm","P50","Korea",15.0706159496591
"Female",23,1.643,"P75: 164.3 cm","P5","U.S.",13.4978176920563
"Female",23,1.643,"P75: 164.3 cm","P5","Korea",12.5550553127417
"Female",23,1.643,"P75: 164.3 cm","P50","U.S.",17.6923367876507
"Female",23,1.643,"P75: 164.3 cm","P50","Korea",15.0989080450735
"Female",24,1.643,"P75: 164.3 cm","P5","U.S.",13.5378152426683
"Female",24,1.643,"P75: 164.3 cm","P5","Korea",12.5814947822782
"Female",24,1.643,"P75: 164.3 cm","P50","U.S.",17.7447648518878
"Female",24,1.643,"P75: 164.3 cm","P50","Korea",15.1307045692105
"Female",25,1.643,"P75: 164.3 cm","P5","U.S.",13.5760441674303
"Female",25,1.643,"P75: 164.3 cm","P5","Korea",12.6111045692912
"Female",25,1.643,"P75: 164.3 cm","P50","U.S.",17.7948747769381
"Female",25,1.643,"P75: 164.3 cm","P50","Korea",15.1663137672752
"Female",26,1.643,"P75: 164.3 cm","P5","U.S.",13.6119329273935
"Female",26,1.643,"P75: 164.3 cm","P5","Korea",12.643780102968
"Female",26,1.643,"P75: 164.3 cm","P50","U.S.",17.8419173327194
"Female",26,1.643,"P75: 164.3 cm","P50","Korea",15.2056098807546
"Female",27,1.643,"P75: 164.3 cm","P5","U.S.",13.6449099836089
"Female",27,1.643,"P75: 164.3 cm","P5","Korea",12.6793926940711
"Female",27,1.643,"P75: 164.3 cm","P50","U.S.",17.8851432891495
"Female",27,1.643,"P75: 164.3 cm","P50","Korea",15.2484381459368
"Female",28,1.643,"P75: 164.3 cm","P5","U.S.",13.674403973443
"Female",28,1.643,"P75: 164.3 cm","P5","Korea",12.7178136533631
"Female",28,1.643,"P75: 164.3 cm","P50","U.S.",17.9238036472733
"Female",28,1.643,"P75: 164.3 cm","P50","Korea",15.2946437991102
"Female",29,1.643,"P75: 164.3 cm","P5","U.S.",13.700043108879
"Female",29,1.643,"P75: 164.3 cm","P5","Korea",12.7589125613298
"Female",29,1.643,"P75: 164.3 cm","P50","U.S.",17.9574110254017
"Female",29,1.643,"P75: 164.3 cm","P50","Korea",15.3440699957047
"Female",30,1.643,"P75: 164.3 cm","P5","U.S.",13.7220383010092
"Female",30,1.643,"P75: 164.3 cm","P5","Korea",12.8024251263168
"Female",30,1.643,"P75: 164.3 cm","P50","U.S.",17.9862418872196
"Female",30,1.643,"P75: 164.3 cm","P50","Korea",15.3963988943976
"Female",31,1.643,"P75: 164.3 cm","P5","U.S.",13.7407062362811
"Female",31,1.643,"P75: 164.3 cm","P5","Korea",12.847860134099
"Female",31,1.643,"P75: 164.3 cm","P50","U.S.",18.0107113546224
"Female",31,1.643,"P75: 164.3 cm","P50","Korea",15.4510397531945
"Female",32,1.643,"P75: 164.3 cm","P5","U.S.",13.756363601142
"Female",32,1.643,"P75: 164.3 cm","P5","Korea",12.8947043895302
"Female",32,1.643,"P75: 164.3 cm","P50","U.S.",18.0312345495055
"Female",32,1.643,"P75: 164.3 cm","P50","Korea",15.5073753954977
"Female",33,1.643,"P75: 164.3 cm","P5","U.S.",13.7693270820396
"Female",33,1.643,"P75: 164.3 cm","P5","Korea",12.9424446974643
"Female",33,1.643,"P75: 164.3 cm","P50","U.S.",18.0482265937643
"Female",33,1.643,"P75: 164.3 cm","P50","Korea",15.5647886447097
"Female",34,1.643,"P75: 164.3 cm","P5","U.S.",13.7798978454884
"Female",34,1.643,"P75: 164.3 cm","P5","Korea",12.9905679051493
"Female",34,1.643,"P75: 164.3 cm","P50","U.S.",18.0620822690597
"Female",34,1.643,"P75: 164.3 cm","P50","Korea",15.6226623752167
"Female",35,1.643,"P75: 164.3 cm","P5","U.S.",13.7882941319332
"Female",35,1.643,"P75: 164.3 cm","P5","Korea",13.0385698473887
"Female",35,1.643,"P75: 164.3 cm","P50","U.S.",18.0730876751574
"Female",35,1.643,"P75: 164.3 cm","P50","Korea",15.6803902699812
"Female",36,1.643,"P75: 164.3 cm","P5","U.S.",13.7947065984555
"Female",36,1.643,"P75: 164.3 cm","P5","Korea",13.0859664114092
"Female",36,1.643,"P75: 164.3 cm","P50","U.S.",18.0814927614043
"Female",36,1.643,"P75: 164.3 cm","P50","Korea",15.7373901273273
"Female",37,1.643,"P75: 164.3 cm","P5","U.S.",13.7993258835501
"Female",37,1.643,"P75: 164.3 cm","P5","Korea",13.1322761976621
"Female",37,1.643,"P75: 164.3 cm","P50","U.S.",18.0875474527877
"Female",37,1.643,"P75: 164.3 cm","P50","Korea",15.7930830085454
"Female",38,1.643,"P75: 164.3 cm","P5","U.S.",13.8023426257121
"Female",38,1.643,"P75: 164.3 cm","P5","Korea",13.1770178065984
"Female",38,1.643,"P75: 164.3 cm","P50","U.S.",18.0915016742951
"Female",38,1.643,"P75: 164.3 cm","P50","Korea",15.8468899749259
"Female",39,1.643,"P75: 164.3 cm","P5","U.S.",13.8039007516451
"Female",39,1.643,"P75: 164.3 cm","P5","Korea",13.2197098493666
"Female",39,1.643,"P75: 164.3 cm","P50","U.S.",18.0935441178951
"Female",39,1.643,"P75: 164.3 cm","P50","Korea",15.898232100624
"Female",40,1.643,"P75: 164.3 cm","P5","U.S.",13.8036653117704
"Female",40,1.643,"P75: 164.3 cm","P5","Korea",13.2598851323406
"Female",40,1.643,"P75: 164.3 cm","P50","U.S.",18.0932357316934
"Female",40,1.643,"P75: 164.3 cm","P50","Korea",15.9465475311975
"Female",41,1.643,"P75: 164.3 cm","P5","U.S.",13.8010203659713
"Female",41,1.643,"P75: 164.3 cm","P5","Korea",13.2971186410772
"Female",41,1.643,"P75: 164.3 cm","P50","U.S.",18.089769122133
"Female",41,1.643,"P75: 164.3 cm","P50","Korea",15.9913251375564
"Female",42,1.643,"P75: 164.3 cm","P5","U.S.",13.7953464008764
"Female",42,1.643,"P75: 164.3 cm","P5","Korea",13.3309931594143
"Female",42,1.643,"P75: 164.3 cm","P50","U.S.",18.0823322115898
"Female",42,1.643,"P75: 164.3 cm","P50","Korea",16.0320631689472
"Female",43,1.643,"P75: 164.3 cm","P5","U.S.",13.7860239031142
"Female",43,1.643,"P75: 164.3 cm","P5","Korea",13.3610914711901
"Female",43,1.643,"P75: 164.3 cm","P50","U.S.",18.0701129224396
"Female",43,1.643,"P75: 164.3 cm","P50","Korea",16.0682598746163
"Female",44,1.643,"P75: 164.3 cm","P5","U.S.",13.772458424239
"Female",44,1.643,"P75: 164.3 cm","P5","Korea",13.3869963602426
"Female",44,1.643,"P75: 164.3 cm","P50","U.S.",18.0523320321559
"Female",44,1.643,"P75: 164.3 cm","P50","Korea",16.0994135038102
"Female",45,1.643,"P75: 164.3 cm","P5","U.S.",13.7546320090996
"Female",45,1.643,"P75: 164.3 cm","P5","Korea",13.408425122275
"Female",45,1.643,"P75: 164.3 cm","P50","U.S.",18.0289659854586
"Female",45,1.643,"P75: 164.3 cm","P50","Korea",16.1251840718712
"Female",46,1.643,"P75: 164.3 cm","P5","U.S.",13.7331031958388
"Female",46,1.643,"P75: 164.3 cm","P5","Korea",13.4256331004504
"Female",46,1.643,"P75: 164.3 cm","P50","U.S.",18.0007468943136
"Female",46,1.643,"P75: 164.3 cm","P50","Korea",16.1458786585249
"Female",47,1.643,"P75: 164.3 cm","P5","U.S.",13.7084555875253
"Female",47,1.643,"P75: 164.3 cm","P5","Korea",13.4390101497969
"Female",47,1.643,"P75: 164.3 cm","P50","U.S.",17.9684397257846
"Female",47,1.643,"P75: 164.3 cm","P50","Korea",16.1619661095927
"Female",48,1.643,"P75: 164.3 cm","P5","U.S.",13.6812727872278
"Female",48,1.643,"P75: 164.3 cm","P5","Korea",13.4489461253426
"Female",48,1.643,"P75: 164.3 cm","P50","U.S.",17.9328094469354
"Female",48,1.643,"P75: 164.3 cm","P50","Korea",16.173915270896
"Female",49,1.643,"P75: 164.3 cm","P5","U.S.",13.6521386893116
"Female",49,1.643,"P75: 164.3 cm","P5","Korea",13.4558308821158
"Female",49,1.643,"P75: 164.3 cm","P50","U.S.",17.8946214068709
"Female",49,1.643,"P75: 164.3 cm","P50","Korea",16.1821949882561
"Female",50,1.643,"P75: 164.3 cm","P5","U.S.",13.6216600948624
"Female",50,1.643,"P75: 164.3 cm","P5","Korea",13.4600838953352
"Female",50,1.643,"P75: 164.3 cm","P50","U.S.",17.8546709973208
"Female",50,1.643,"P75: 164.3 cm","P50","Korea",16.1873097292043
"Female",51,1.643,"P75: 164.3 cm","P5","U.S.",13.5904828435944
"Female",51,1.643,"P75: 164.3 cm","P5","Korea",13.4622848492898
"Female",51,1.643,"P75: 164.3 cm","P50","U.S.",17.8138048099612
"Female",51,1.643,"P75: 164.3 cm","P50","Korea",16.1899566312325
"Female",52,1.643,"P75: 164.3 cm","P5","U.S.",13.5592565832286
"Female",52,1.643,"P75: 164.3 cm","P5","Korea",13.4630673459544
"Female",52,1.643,"P75: 164.3 cm","P50","U.S.",17.7728744307461
"Female",52,1.643,"P75: 164.3 cm","P50","Korea",16.1908976740945
"Female",53,1.643,"P75: 164.3 cm","P5","U.S.",13.5286309614864
"Female",53,1.643,"P75: 164.3 cm","P5","Korea",13.4630650279351
"Female",53,1.643,"P75: 164.3 cm","P50","U.S.",17.7327314456297
"Female",53,1.643,"P75: 164.3 cm","P50","Korea",16.1908948864079
"Female",54,1.643,"P75: 164.3 cm","P5","U.S.",13.4992555247025
"Female",54,1.643,"P75: 164.3 cm","P5","Korea",13.4629115378381
"Female",54,1.643,"P75: 164.3 cm","P50","U.S.",17.6942273076569
"Female",54,1.643,"P75: 164.3 cm","P50","Korea",16.1907102967902
"Female",55,1.643,"P75: 164.3 cm","P5","U.S.",13.4716293566646
"Female",55,1.643,"P75: 164.3 cm","P5","Korea",13.463173448698
"Female",55,1.643,"P75: 164.3 cm","P50","U.S.",17.658016226431
"Female",55,1.643,"P75: 164.3 cm","P50","Korea",16.1910252749318
"Female",56,1.643,"P75: 164.3 cm","P5","U.S.",13.4457991935741
"Female",56,1.643,"P75: 164.3 cm","P5","Korea",13.4639216474971
"Female",56,1.643,"P75: 164.3 cm","P50","U.S.",17.624159422824
"Female",56,1.643,"P75: 164.3 cm","P50","Korea",16.1919250706384
"Female",57,1.643,"P75: 164.3 cm","P5","U.S.",13.4217271130434
"Female",57,1.643,"P75: 164.3 cm","P5","Korea",13.4650048532618
"Female",57,1.643,"P75: 164.3 cm","P50","U.S.",17.592607137588
"Female",57,1.643,"P75: 164.3 cm","P50","Korea",16.1932277510192
"Female",58,1.643,"P75: 164.3 cm","P5","U.S.",13.3993751926845
"Female",58,1.643,"P75: 164.3 cm","P5","Korea",13.4662707370566
"Female",58,1.643,"P75: 164.3 cm","P50","U.S.",17.5633096114749
"Female",58,1.643,"P75: 164.3 cm","P50","Korea",16.1947501228875
"Female",59,1.643,"P75: 164.3 cm","P5","U.S.",13.3787055101096
"Female",59,1.643,"P75: 164.3 cm","P5","Korea",13.4675669699461
"Female",59,1.643,"P75: 164.3 cm","P50","U.S.",17.5362170852362
"Female",59,1.643,"P75: 164.3 cm","P50","Korea",16.196308993057
"Female",60,1.643,"P75: 164.3 cm","P5","U.S.",13.3596843670609
"Female",60,1.643,"P75: 164.3 cm","P5","Korea",13.468749846775
"Female",60,1.643,"P75: 164.3 cm","P50","U.S.",17.5112853399336
"Female",60,1.643,"P75: 164.3 cm","P50","Korea",16.1977315394356
"Female",61,1.643,"P75: 164.3 cm","P5","U.S.",13.3423013353215
"Female",61,1.643,"P75: 164.3 cm","P5","Korea",13.469764690979
"Female",61,1.643,"P75: 164.3 cm","P50","U.S.",17.4885006772852
"Female",61,1.643,"P75: 164.3 cm","P50","Korea",16.1989520071224
"Female",62,1.643,"P75: 164.3 cm","P5","U.S.",13.3265539566703
"Female",62,1.643,"P75: 164.3 cm","P5","Korea",13.4706093480851
"Female",62,1.643,"P75: 164.3 cm","P50","U.S.",17.4678598523436
"Female",62,1.643,"P75: 164.3 cm","P50","Korea",16.1999678051143
"Female",63,1.643,"P75: 164.3 cm","P5","U.S.",13.3124397799274
"Female",63,1.643,"P75: 164.3 cm","P5","Korea",13.4712823424603
"Female",63,1.643,"P75: 164.3 cm","P50","U.S.",17.4493596293963
"Female",63,1.643,"P75: 164.3 cm","P50","Korea",16.2007771587916
"Female",64,1.643,"P75: 164.3 cm","P5","U.S.",13.2999563539131
"Female",64,1.643,"P75: 164.3 cm","P5","Korea",13.4717821984714
"Female",64,1.643,"P75: 164.3 cm","P50","U.S.",17.432996772731
"Female",64,1.643,"P75: 164.3 cm","P50","Korea",16.2013782935345
"Female",65,1.643,"P75: 164.3 cm","P5","U.S.",13.2890872448261
"Female",65,1.643,"P75: 164.3 cm","P5","Korea",13.4721086043084
"Female",65,1.643,"P75: 164.3 cm","P50","U.S.",17.4187497216312
"Female",65,1.643,"P75: 164.3 cm","P50","Korea",16.2017708343554
"Female",66,1.643,"P75: 164.3 cm","P5","U.S.",13.2796675538287
"Female",66,1.643,"P75: 164.3 cm","P5","Korea",13.4722786623996
"Female",66,1.643,"P75: 164.3 cm","P50","U.S.",17.4064023436808
"Female",66,1.643,"P75: 164.3 cm","P50","Korea",16.2019753489049
"Female",67,1.643,"P75: 164.3 cm","P5","U.S.",13.2714428872005
"Female",67,1.643,"P75: 164.3 cm","P5","Korea",13.4723228806889
"Female",67,1.643,"P75: 164.3 cm","P50","U.S.",17.3956212184353
"Female",67,1.643,"P75: 164.3 cm","P50","Korea",16.2020285265188
"Female",68,1.643,"P75: 164.3 cm","P5","U.S.",13.2641576183357
"Female",68,1.643,"P75: 164.3 cm","P5","Korea",13.4722721119564
"Female",68,1.643,"P75: 164.3 cm","P50","U.S.",17.3860713096851
"Female",68,1.643,"P75: 164.3 cm","P50","Korea",16.2019674712383
"Female",69,1.643,"P75: 164.3 cm","P5","U.S.",13.2575561206295
"Female",69,1.643,"P75: 164.3 cm","P5","Korea",13.4721572089824
"Female",69,1.643,"P75: 164.3 cm","P50","U.S.",17.3774175812218
"Female",69,1.643,"P75: 164.3 cm","P50","Korea",16.2018292871049
"Male",19,1.689,"P25: 168.9 cm","P5","U.S.",18.4551058312225
"Male",19,1.689,"P25: 168.9 cm","P5","Korea",18.0918707184735
"Male",19,1.689,"P25: 168.9 cm","P50","U.S.",23.1976394492071
"Male",19,1.689,"P25: 168.9 cm","P50","Korea",21.765599663207
"Male",20,1.689,"P25: 168.9 cm","P5","U.S.",18.5354193391415
"Male",20,1.689,"P25: 168.9 cm","P5","Korea",18.1430186560892
"Male",20,1.689,"P25: 168.9 cm","P50","U.S.",23.2985902973475
"Male",20,1.689,"P25: 168.9 cm","P50","Korea",21.827133683158
"Male",21,1.689,"P25: 168.9 cm","P5","U.S.",18.6136678430672
"Male",21,1.689,"P25: 168.9 cm","P5","Korea",18.1931416570632
"Male",21,1.689,"P25: 168.9 cm","P50","U.S.",23.396945576611
"Male",21,1.689,"P25: 168.9 cm","P50","Korea",21.8874346431912
"Male",22,1.689,"P25: 168.9 cm","P5","U.S.",18.6890809458177
"Male",22,1.689,"P25: 168.9 cm","P5","Korea",18.2416584017119
"Male",22,1.689,"P25: 168.9 cm","P50","U.S.",23.49173694157
"Male",22,1.689,"P25: 168.9 cm","P50","Korea",21.945803181051
"Male",23,1.689,"P25: 168.9 cm","P5","U.S.",18.7608759039595
"Male",23,1.689,"P25: 168.9 cm","P5","Korea",18.2880985382039
"Male",23,1.689,"P25: 168.9 cm","P50","U.S.",23.5819805258525
"Male",23,1.689,"P25: 168.9 cm","P50","Korea",22.0016734354275
"Male",24,1.689,"P25: 168.9 cm","P5","U.S.",18.8284928945623
"Male",24,1.689,"P25: 168.9 cm","P5","Korea",18.3320259318086
"Male",24,1.689,"P25: 168.9 cm","P50","U.S.",23.6669726644044
"Male",24,1.689,"P25: 168.9 cm","P50","Korea",22.0545207102244
"Male",25,1.689,"P25: 168.9 cm","P5","U.S.",18.8917419173194
"Male",25,1.689,"P25: 168.9 cm","P5","Korea",18.3730821383743
"Male",25,1.689,"P25: 168.9 cm","P50","U.S.",23.7464745430289
"Male",25,1.689,"P25: 168.9 cm","P50","Korea",22.1039137757456
"Male",26,1.689,"P25: 168.9 cm","P5","U.S.",18.9505224899867
"Male",26,1.689,"P25: 168.9 cm","P5","Korea",18.4110096320376
"Male",26,1.689,"P25: 168.9 cm","P50","U.S.",23.8203598685147
"Male",26,1.689,"P25: 168.9 cm","P50","Korea",22.1495428130161
"Male",27,1.689,"P25: 168.9 cm","P5","U.S.",19.0052850982317
"Male",27,1.689,"P25: 168.9 cm","P5","Korea",18.4455148394877
"Male",27,1.689,"P25: 168.9 cm","P50","U.S.",23.8891948972307
"Male",27,1.689,"P25: 168.9 cm","P50","Korea",22.1910546358309
"Male",28,1.689,"P25: 168.9 cm","P5","U.S.",19.0567990529994
"Male",28,1.689,"P25: 168.9 cm","P5","Korea",18.4760341702394
"Male",28,1.689,"P25: 168.9 cm","P50","U.S.",23.9539466390248
"Male",28,1.689,"P25: 168.9 cm","P50","Korea",22.227771211218
"Male",29,1.689,"P25: 168.9 cm","P5","U.S.",19.1056922627737
"Male",29,1.689,"P25: 168.9 cm","P5","Korea",18.5019033926835
"Male",29,1.689,"P25: 168.9 cm","P50","U.S.",24.0154043550754
"Male",29,1.689,"P25: 168.9 cm","P50","Korea",22.2588934289301
"Male",30,1.689,"P25: 168.9 cm","P5","U.S.",19.1521684173886
"Male",30,1.689,"P25: 168.9 cm","P5","Korea",18.5227978637747
"Male",30,1.689,"P25: 168.9 cm","P50","U.S.",24.0738240472078
"Male",30,1.689,"P25: 168.9 cm","P50","Korea",22.2840307240181
"Male",31,1.689,"P25: 168.9 cm","P5","U.S.",19.1963372735492
"Male",31,1.689,"P25: 168.9 cm","P5","Korea",18.5389689652809
"Male",31,1.689,"P25: 168.9 cm","P50","U.S.",24.1293436407916
"Male",31,1.689,"P25: 168.9 cm","P50","Korea",22.3034855237441
"Male",32,1.689,"P25: 168.9 cm","P5","U.S.",19.2379282757743
"Male",32,1.689,"P25: 168.9 cm","P5","Korea",18.5507558708925
"Male",32,1.689,"P25: 168.9 cm","P50","U.S.",24.1816230196705
"Male",32,1.689,"P25: 168.9 cm","P50","Korea",22.3176658742895
"Male",33,1.689,"P25: 168.9 cm","P5","U.S.",19.276295484814
"Male",33,1.689,"P25: 168.9 cm","P5","Korea",18.5587762302611
"Male",33,1.689,"P25: 168.9 cm","P50","U.S.",24.2298502210422
"Male",33,1.689,"P25: 168.9 cm","P50","Korea",22.3273148450283
"Male",34,1.689,"P25: 168.9 cm","P5","U.S.",19.310818956479
"Male",34,1.689,"P25: 168.9 cm","P5","Korea",18.5637907853365
"Male",34,1.689,"P25: 168.9 cm","P50","U.S.",24.2732459594142
"Male",34,1.689,"P25: 168.9 cm","P50","Korea",22.3333476539047
"Male",35,1.689,"P25: 168.9 cm","P5","U.S.",19.3411028162947
"Male",35,1.689,"P25: 168.9 cm","P5","Korea",18.566499305278
"Male",35,1.689,"P25: 168.9 cm","P50","U.S.",24.3113126106019
"Male",35,1.689,"P25: 168.9 cm","P50","Korea",22.3366061649588
"Male",36,1.689,"P25: 168.9 cm","P5","U.S.",19.3668242222514
"Male",36,1.689,"P25: 168.9 cm","P5","Korea",18.5674628769959
"Male",36,1.689,"P25: 168.9 cm","P50","U.S.",24.3436443542362
"Male",36,1.689,"P25: 168.9 cm","P50","Korea",22.3377653992129
"Male",37,1.689,"P25: 168.9 cm","P5","U.S.",19.387547174809
"Male",37,1.689,"P25: 168.9 cm","P5","Korea",18.5671868362918
"Male",37,1.689,"P25: 168.9 cm","P50","U.S.",24.3696931399151
"Male",37,1.689,"P25: 168.9 cm","P50","Korea",22.3374333057799
"Male",38,1.689,"P25: 168.9 cm","P5","U.S.",19.402645325565
"Male",38,1.689,"P25: 168.9 cm","P5","Korea",18.5657194655935
"Male",38,1.689,"P25: 168.9 cm","P50","U.S.",24.3886716638185
"Male",38,1.689,"P25: 168.9 cm","P50","Korea",22.3356679713006
"Male",39,1.689,"P25: 168.9 cm","P5","U.S.",19.4114729570777
"Male",39,1.689,"P25: 168.9 cm","P5","Korea",18.562800785104
"Male",39,1.689,"P25: 168.9 cm","P50","U.S.",24.3997682752135
"Male",39,1.689,"P25: 168.9 cm","P50","Korea",22.332156624571
"Male",40,1.689,"P25: 168.9 cm","P5","U.S.",19.4133728329764
"Male",40,1.689,"P25: 168.9 cm","P5","Korea",18.5581695950898
"Male",40,1.689,"P25: 168.9 cm","P50","U.S.",24.4021568289233
"Male",40,1.689,"P25: 168.9 cm","P50","Korea",22.3265850267311
"Male",41,1.689,"P25: 168.9 cm","P5","U.S.",19.407681111066
"Male",41,1.689,"P25: 168.9 cm","P5","Korea",18.5515782288002
"Male",41,1.689,"P25: 168.9 cm","P50","U.S.",24.3950028673555
"Male",41,1.689,"P25: 168.9 cm","P50","Korea",22.3186552199065
"Male",42,1.689,"P25: 168.9 cm","P5","U.S.",19.3939316333133
"Male",42,1.689,"P25: 168.9 cm","P5","Korea",18.5427989789486
"Male",42,1.689,"P25: 168.9 cm","P50","U.S.",24.3777204169919
"Male",42,1.689,"P25: 168.9 cm","P50","Korea",22.3080932586486
"Male",43,1.689,"P25: 168.9 cm","P5","U.S.",19.3722441717331
"Male",43,1.689,"P25: 168.9 cm","P5","Korea",18.5319250479502
"Male",43,1.689,"P25: 168.9 cm","P50","U.S.",24.3504600041508
"Male",43,1.689,"P25: 168.9 cm","P50","Korea",22.2950112710223
"Male",44,1.689,"P25: 168.9 cm","P5","U.S.",19.3428667046847
"Male",44,1.689,"P25: 168.9 cm","P5","Korea",18.5193312785504
"Male",44,1.689,"P25: 168.9 cm","P50","U.S.",24.3135333081149
"Male",44,1.689,"P25: 168.9 cm","P50","Korea",22.2798602152098
"Male",45,1.689,"P25: 168.9 cm","P5","U.S.",19.3065119727295
"Male",45,1.689,"P25: 168.9 cm","P5","Korea",18.5053067039113
"Male",45,1.689,"P25: 168.9 cm","P50","U.S.",24.2678362191631
"Male",45,1.689,"P25: 168.9 cm","P50","Korea",22.2629878153463
"Male",46,1.689,"P25: 168.9 cm","P5","U.S.",19.264357478633
"Male",46,1.689,"P25: 168.9 cm","P5","Korea",18.489758872533
"Male",46,1.689,"P25: 168.9 cm","P50","U.S.",24.2148488385726
"Male",46,1.689,"P25: 168.9 cm","P50","Korea",22.2442828467624
"Male",47,1.689,"P25: 168.9 cm","P5","U.S.",19.2176209191733
"Male",47,1.689,"P25: 168.9 cm","P5","Korea",18.472492297731
"Male",47,1.689,"P25: 168.9 cm","P50","U.S.",24.1561017958014
"Male",47,1.689,"P25: 168.9 cm","P50","Korea",22.223510127316
"Male",48,1.689,"P25: 168.9 cm","P5","U.S.",19.16762842667
"Male",48,1.689,"P25: 168.9 cm","P5","Korea",18.4530857458515
"Male",48,1.689,"P25: 168.9 cm","P50","U.S.",24.0932620459892
"Male",48,1.689,"P25: 168.9 cm","P50","Korea",22.2001628877948
"Male",49,1.689,"P25: 168.9 cm","P5","U.S.",19.1157371151552
"Male",49,1.689,"P25: 168.9 cm","P5","Korea",18.430860760168
"Male",49,1.689,"P25: 168.9 cm","P50","U.S.",24.0280354957903
"Male",49,1.689,"P25: 168.9 cm","P50","Korea",22.1734249042863
"Male",50,1.689,"P25: 168.9 cm","P5","U.S.",19.062862284786
"Male",50,1.689,"P25: 168.9 cm","P5","Korea",18.4051856838736
"Male",50,1.689,"P25: 168.9 cm","P50","U.S.",23.9615726923338
"Male",50,1.689,"P25: 168.9 cm","P50","Korea",22.1425362559733
"Male",51,1.689,"P25: 168.9 cm","P5","U.S.",19.0091662290174
"Male",51,1.689,"P25: 168.9 cm","P5","Korea",18.3757576750185
"Male",51,1.689,"P25: 168.9 cm","P50","U.S.",23.894077654193
"Male",51,1.689,"P25: 168.9 cm","P50","Korea",22.1071326059256
"Male",52,1.689,"P25: 168.9 cm","P5","U.S.",18.954718367552
"Male",52,1.689,"P25: 168.9 cm","P5","Korea",18.3423885127645
"Male",52,1.689,"P25: 168.9 cm","P50","U.S.",23.8256376567221
"Male",52,1.689,"P25: 168.9 cm","P50","Korea",22.0669875132473
"Male",53,1.689,"P25: 168.9 cm","P5","U.S.",18.8993854962067
"Male",53,1.689,"P25: 168.9 cm","P5","Korea",18.3051014563435
"Male",53,1.689,"P25: 168.9 cm","P50","U.S.",23.75608526665
"Male",53,1.689,"P25: 168.9 cm","P50","Korea",22.0221289601818
"Male",54,1.689,"P25: 168.9 cm","P5","U.S.",18.8429139735669
"Male",54,1.689,"P25: 168.9 cm","P5","Korea",18.2642331945259
"Male",54,1.689,"P25: 168.9 cm","P50","U.S.",23.685101654921
"Male",54,1.689,"P25: 168.9 cm","P50","Korea",21.9729620034036
"Male",55,1.689,"P25: 168.9 cm","P5","U.S.",18.7851538497925
"Male",55,1.689,"P25: 168.9 cm","P5","Korea",18.2201495454331
"Male",55,1.689,"P25: 168.9 cm","P50","U.S.",23.6124983353296
"Male",55,1.689,"P25: 168.9 cm","P50","Korea",21.9199267439338
"Male",56,1.689,"P25: 168.9 cm","P5","U.S.",18.7262717082896
"Male",56,1.689,"P25: 168.9 cm","P5","Korea",18.1732441561637
"Male",56,1.689,"P25: 168.9 cm","P50","U.S.",23.5384847118458
"Male",56,1.689,"P25: 168.9 cm","P50","Korea",21.8634967627135
"Male",57,1.689,"P25: 168.9 cm","P5","U.S.",18.6664853156902
"Male",57,1.689,"P25: 168.9 cm","P5","Korea",18.1239233310891
"Male",57,1.689,"P25: 168.9 cm","P50","U.S.",23.4633345273575
"Male",57,1.689,"P25: 168.9 cm","P50","Korea",21.8041608681375
"Male",58,1.689,"P25: 168.9 cm","P5","U.S.",18.6058226987742
"Male",58,1.689,"P25: 168.9 cm","P5","Korea",18.0726157268411
"Male",58,1.689,"P25: 168.9 cm","P50","U.S.",23.3870830247564
"Male",58,1.689,"P25: 168.9 cm","P50","Korea",21.7424347597036
"Male",59,1.689,"P25: 168.9 cm","P5","U.S.",18.5441196533787
"Male",59,1.689,"P25: 168.9 cm","P5","Korea",18.0197932972022
"Male",59,1.689,"P25: 168.9 cm","P50","U.S.",23.3095238156765
"Male",59,1.689,"P25: 168.9 cm","P50","Korea",21.6788862259645
"Male",60,1.689,"P25: 168.9 cm","P5","U.S.",18.4811805094448
"Male",60,1.689,"P25: 168.9 cm","P5","Korea",17.965928833851
"Male",60,1.689,"P25: 168.9 cm","P50","U.S.",23.2304109585007
"Male",60,1.689,"P25: 168.9 cm","P50","Korea",21.6140840635115
"Male",61,1.689,"P25: 168.9 cm","P5","U.S.",18.4166833869577
"Male",61,1.689,"P25: 168.9 cm","P5","Korea",17.9114524230808
"Male",61,1.689,"P25: 168.9 cm","P50","U.S.",23.1493398615393
"Male",61,1.689,"P25: 168.9 cm","P50","Korea",21.5485456918106
"Male",62,1.689,"P25: 168.9 cm","P5","U.S.",18.3502634003859
"Male",62,1.689,"P25: 168.9 cm","P5","Korea",17.8567687571614
"Male",62,1.689,"P25: 168.9 cm","P50","U.S.",23.065851873673
"Male",62,1.689,"P25: 168.9 cm","P50","Korea",21.4827579798023
"Male",63,1.689,"P25: 168.9 cm","P5","U.S.",18.2815737693006
"Male",63,1.689,"P25: 168.9 cm","P5","Korea",17.8021928164791
"Male",63,1.689,"P25: 168.9 cm","P50","U.S.",22.9795110960997
"Male",63,1.689,"P25: 168.9 cm","P50","Korea",21.4170998676801
"Male",64,1.689,"P25: 168.9 cm","P5","U.S.",18.2102990544224
"Male",64,1.689,"P25: 168.9 cm","P5","Korea",17.7478097892671
"Male",64,1.689,"P25: 168.9 cm","P50","U.S.",22.88992101583
"Male",64,1.689,"P25: 168.9 cm","P50","Korea",21.3516738419701
"Male",65,1.689,"P25: 168.9 cm","P5","U.S.",18.1361732928235
"Male",65,1.689,"P25: 168.9 cm","P5","Korea",17.6936669792738
"Male",65,1.689,"P25: 168.9 cm","P50","U.S.",22.7967473088043
"Male",65,1.689,"P25: 168.9 cm","P50","Korea",21.2865368119033
"Male",66,1.689,"P25: 168.9 cm","P5","U.S.",18.0594228225171
"Male",66,1.689,"P25: 168.9 cm","P5","Korea",17.6397897347828
"Male",66,1.689,"P25: 168.9 cm","P50","U.S.",22.7002744536001
"Male",66,1.689,"P25: 168.9 cm","P50","Korea",21.2217192729767
"Male",67,1.689,"P25: 168.9 cm","P5","U.S.",17.9805707459413
"Male",67,1.689,"P25: 168.9 cm","P5","Korea",17.5861865006256
"Male",67,1.689,"P25: 168.9 cm","P50","U.S.",22.6011599498375
"Male",67,1.689,"P25: 168.9 cm","P50","Korea",21.1572313848266
"Male",68,1.689,"P25: 168.9 cm","P5","U.S.",17.9001526722526
"Male",68,1.689,"P25: 168.9 cm","P5","Korea",17.5328457523701
"Male",68,1.689,"P25: 168.9 cm","P50","U.S.",22.5000770238988
"Male",68,1.689,"P25: 168.9 cm","P50","Korea",21.0930592828736
"Male",69,1.689,"P25: 168.9 cm","P5","U.S.",17.8187298939858
"Male",69,1.689,"P25: 168.9 cm","P5","Korea",17.4796886847955
"Male",69,1.689,"P25: 168.9 cm","P50","U.S.",22.3977312044163
"Male",69,1.689,"P25: 168.9 cm","P50","Korea",21.0291081597365
"Male",19,1.733,"P50: 173.3 cm","P5","U.S.",19.9725982824496
"Male",19,1.733,"P50: 173.3 cm","P5","Korea",19.1800073531961
"Male",19,1.733,"P50: 173.3 cm","P50","U.S.",25.1050943021549
"Male",19,1.733,"P50: 173.3 cm","P50","Korea",23.0746929426576
"Male",20,1.733,"P50: 173.3 cm","P5","U.S.",20.0529117903686
"Male",20,1.733,"P50: 173.3 cm","P5","Korea",19.2311552908118
"Male",20,1.733,"P50: 173.3 cm","P50","U.S.",25.2060451502953
"Male",20,1.733,"P50: 173.3 cm","P50","Korea",23.1362269626086
"Male",21,1.733,"P50: 173.3 cm","P5","U.S.",20.1311602942943
"Male",21,1.733,"P50: 173.3 cm","P5","Korea",19.2812782917859
"Male",21,1.733,"P50: 173.3 cm","P50","U.S.",25.3044004295588
"Male",21,1.733,"P50: 173.3 cm","P50","Korea",23.1965279226418
"Male",22,1.733,"P50: 173.3 cm","P5","U.S.",20.2065733970448
"Male",22,1.733,"P50: 173.3 cm","P5","Korea",19.3297950364345
"Male",22,1.733,"P50: 173.3 cm","P50","U.S.",25.3991917945179
"Male",22,1.733,"P50: 173.3 cm","P50","Korea",23.2548964605015
"Male",23,1.733,"P50: 173.3 cm","P5","U.S.",20.2783683551865
"Male",23,1.733,"P50: 173.3 cm","P5","Korea",19.3762351729265
"Male",23,1.733,"P50: 173.3 cm","P50","U.S.",25.4894353788003
"Male",23,1.733,"P50: 173.3 cm","P50","Korea",23.3107667148781
"Male",24,1.733,"P50: 173.3 cm","P5","U.S.",20.3459853457894
"Male",24,1.733,"P50: 173.3 cm","P5","Korea",19.4201625665312
"Male",24,1.733,"P50: 173.3 cm","P50","U.S.",25.5744275173522
"Male",24,1.733,"P50: 173.3 cm","P50","Korea",23.363613989675
"Male",25,1.733,"P50: 173.3 cm","P5","U.S.",20.4092343685465
"Male",25,1.733,"P50: 173.3 cm","P5","Korea",19.4612187730969
"Male",25,1.733,"P50: 173.3 cm","P50","U.S.",25.6539293959767
"Male",25,1.733,"P50: 173.3 cm","P50","Korea",23.4130070551962
"Male",26,1.733,"P50: 173.3 cm","P5","U.S.",20.4680149412138
"Male",26,1.733,"P50: 173.3 cm","P5","Korea",19.4991462667603
"Male",26,1.733,"P50: 173.3 cm","P50","U.S.",25.7278147214626
"Male",26,1.733,"P50: 173.3 cm","P50","Korea",23.4586360924666
"Male",27,1.733,"P50: 173.3 cm","P5","U.S.",20.5227775494588
"Male",27,1.733,"P50: 173.3 cm","P5","Korea",19.5336514742104
"Male",27,1.733,"P50: 173.3 cm","P50","U.S.",25.7966497501785
"Male",27,1.733,"P50: 173.3 cm","P50","Korea",23.5001479152815
"Male",28,1.733,"P50: 173.3 cm","P5","U.S.",20.5742915042265
"Male",28,1.733,"P50: 173.3 cm","P5","Korea",19.564170804962
"Male",28,1.733,"P50: 173.3 cm","P50","U.S.",25.8614014919726
"Male",28,1.733,"P50: 173.3 cm","P50","Korea",23.5368644906686
"Male",29,1.733,"P50: 173.3 cm","P5","U.S.",20.6231847140008
"Male",29,1.733,"P50: 173.3 cm","P5","Korea",19.5900400274062
"Male",29,1.733,"P50: 173.3 cm","P50","U.S.",25.9228592080233
"Male",29,1.733,"P50: 173.3 cm","P50","Korea",23.5679867083806
"Male",30,1.733,"P50: 173.3 cm","P5","U.S.",20.6696608686157
"Male",30,1.733,"P50: 173.3 cm","P5","Korea",19.6109344984973
"Male",30,1.733,"P50: 173.3 cm","P50","U.S.",25.9812789001556
"Male",30,1.733,"P50: 173.3 cm","P50","Korea",23.5931240034687
"Male",31,1.733,"P50: 173.3 cm","P5","U.S.",20.7138297247763
"Male",31,1.733,"P50: 173.3 cm","P5","Korea",19.6271056000035
"Male",31,1.733,"P50: 173.3 cm","P50","U.S.",26.0367984937394
"Male",31,1.733,"P50: 173.3 cm","P50","Korea",23.6125788031947
"Male",32,1.733,"P50: 173.3 cm","P5","U.S.",20.7554207270014
"Male",32,1.733,"P50: 173.3 cm","P5","Korea",19.6388925056151
"Male",32,1.733,"P50: 173.3 cm","P50","U.S.",26.0890778726183
"Male",32,1.733,"P50: 173.3 cm","P50","Korea",23.62675915374
"Male",33,1.733,"P50: 173.3 cm","P5","U.S.",20.7937879360411
"Male",33,1.733,"P50: 173.3 cm","P5","Korea",19.6469128649838
"Male",33,1.733,"P50: 173.3 cm","P50","U.S.",26.13730507399
"Male",33,1.733,"P50: 173.3 cm","P50","Korea",23.6364081244789
"Male",34,1.733,"P50: 173.3 cm","P5","U.S.",20.8283114077061
"Male",34,1.733,"P50: 173.3 cm","P5","Korea",19.6519274200592
"Male",34,1.733,"P50: 173.3 cm","P50","U.S.",26.180700812362
"Male",34,1.733,"P50: 173.3 cm","P50","Korea",23.6424409333553
"Male",35,1.733,"P50: 173.3 cm","P5","U.S.",20.8585952675218
"Male",35,1.733,"P50: 173.3 cm","P5","Korea",19.6546359400006
"Male",35,1.733,"P50: 173.3 cm","P50","U.S.",26.2187674635497
"Male",35,1.733,"P50: 173.3 cm","P50","Korea",23.6456994444094
"Male",36,1.733,"P50: 173.3 cm","P5","U.S.",20.8843166734785
"Male",36,1.733,"P50: 173.3 cm","P5","Korea",19.6555995117185
"Male",36,1.733,"P50: 173.3 cm","P50","U.S.",26.251099207184
"Male",36,1.733,"P50: 173.3 cm","P50","Korea",23.6468586786635
"Male",37,1.733,"P50: 173.3 cm","P5","U.S.",20.9050396260361
"Male",37,1.733,"P50: 173.3 cm","P5","Korea",19.6553234710144
"Male",37,1.733,"P50: 173.3 cm","P50","U.S.",26.2771479928629
"Male",37,1.733,"P50: 173.3 cm","P50","Korea",23.6465265852305
"Male",38,1.733,"P50: 173.3 cm","P5","U.S.",20.9201377767921
"Male",38,1.733,"P50: 173.3 cm","P5","Korea",19.6538561003162
"Male",38,1.733,"P50: 173.3 cm","P50","U.S.",26.2961265167663
"Male",38,1.733,"P50: 173.3 cm","P50","Korea",23.6447612507511
"Male",39,1.733,"P50: 173.3 cm","P5","U.S.",20.9289654083047
"Male",39,1.733,"P50: 173.3 cm","P5","Korea",19.6509374198267
"Male",39,1.733,"P50: 173.3 cm","P50","U.S.",26.3072231281614
"Male",39,1.733,"P50: 173.3 cm","P50","Korea",23.6412499040216
"Male",40,1.733,"P50: 173.3 cm","P5","U.S.",20.9308652842035
"Male",40,1.733,"P50: 173.3 cm","P5","Korea",19.6463062298124
"Male",40,1.733,"P50: 173.3 cm","P50","U.S.",26.3096116818711
"Male",40,1.733,"P50: 173.3 cm","P50","Korea",23.6356783061817
"Male",41,1.733,"P50: 173.3 cm","P5","U.S.",20.9251735622931
"Male",41,1.733,"P50: 173.3 cm","P5","Korea",19.6397148635228
"Male",41,1.733,"P50: 173.3 cm","P50","U.S.",26.3024577203033
"Male",41,1.733,"P50: 173.3 cm","P50","Korea",23.6277484993571
"Male",42,1.733,"P50: 173.3 cm","P5","U.S.",20.9114240845403
"Male",42,1.733,"P50: 173.3 cm","P5","Korea",19.6309356136712
"Male",42,1.733,"P50: 173.3 cm","P50","U.S.",26.2851752699397
"Male",42,1.733,"P50: 173.3 cm","P50","Korea",23.6171865380991
"Male",43,1.733,"P50: 173.3 cm","P5","U.S.",20.8897366229602
"Male",43,1.733,"P50: 173.3 cm","P5","Korea",19.6200616826729
"Male",43,1.733,"P50: 173.3 cm","P50","U.S.",26.2579148570986
"Male",43,1.733,"P50: 173.3 cm","P50","Korea",23.6041045504728
"Male",44,1.733,"P50: 173.3 cm","P5","U.S.",20.8603591559118
"Male",44,1.733,"P50: 173.3 cm","P5","Korea",19.6074679132731
"Male",44,1.733,"P50: 173.3 cm","P50","U.S.",26.2209881610627
"Male",44,1.733,"P50: 173.3 cm","P50","Korea",23.5889534946604
"Male",45,1.733,"P50: 173.3 cm","P5","U.S.",20.8240044239566
"Male",45,1.733,"P50: 173.3 cm","P5","Korea",19.593443338634
"Male",45,1.733,"P50: 173.3 cm","P50","U.S.",26.1752910721109
"Male",45,1.733,"P50: 173.3 cm","P50","Korea",23.5720810947969
"Male",46,1.733,"P50: 173.3 cm","P5","U.S.",20.7818499298601
"Male",46,1.733,"P50: 173.3 cm","P5","Korea",19.5778955072556
"Male",46,1.733,"P50: 173.3 cm","P50","U.S.",26.1223036915205
"Male",46,1.733,"P50: 173.3 cm","P50","Korea",23.553376126213
"Male",47,1.733,"P50: 173.3 cm","P5","U.S.",20.7351133704004
"Male",47,1.733,"P50: 173.3 cm","P5","Korea",19.5606289324536
"Male",47,1.733,"P50: 173.3 cm","P50","U.S.",26.0635566487492
"Male",47,1.733,"P50: 173.3 cm","P50","Korea",23.5326034067666
"Male",48,1.733,"P50: 173.3 cm","P5","U.S.",20.6851208778971
"Male",48,1.733,"P50: 173.3 cm","P5","Korea",19.5412223805742
"Male",48,1.733,"P50: 173.3 cm","P50","U.S.",26.0007168989371
"Male",48,1.733,"P50: 173.3 cm","P50","Korea",23.5092561672454
"Male",49,1.733,"P50: 173.3 cm","P5","U.S.",20.6332295663823
"Male",49,1.733,"P50: 173.3 cm","P5","Korea",19.5189973948906
"Male",49,1.733,"P50: 173.3 cm","P50","U.S.",25.9354903487382
"Male",49,1.733,"P50: 173.3 cm","P50","Korea",23.4825181837369
"Male",50,1.733,"P50: 173.3 cm","P5","U.S.",20.5803547360131
"Male",50,1.733,"P50: 173.3 cm","P5","Korea",19.4933223185962
"Male",50,1.733,"P50: 173.3 cm","P50","U.S.",25.8690275452817
"Male",50,1.733,"P50: 173.3 cm","P50","Korea",23.4516295354239
"Male",51,1.733,"P50: 173.3 cm","P5","U.S.",20.5266586802445
"Male",51,1.733,"P50: 173.3 cm","P5","Korea",19.4638943097411
"Male",51,1.733,"P50: 173.3 cm","P50","U.S.",25.8015325071408
"Male",51,1.733,"P50: 173.3 cm","P50","Korea",23.4162258853762
"Male",52,1.733,"P50: 173.3 cm","P5","U.S.",20.4722108187791
"Male",52,1.733,"P50: 173.3 cm","P5","Korea",19.4305251474871
"Male",52,1.733,"P50: 173.3 cm","P50","U.S.",25.73309250967
"Male",52,1.733,"P50: 173.3 cm","P50","Korea",23.3760807926979
"Male",53,1.733,"P50: 173.3 cm","P5","U.S.",20.4168779474338
"Male",53,1.733,"P50: 173.3 cm","P5","Korea",19.3932380910661
"Male",53,1.733,"P50: 173.3 cm","P50","U.S.",25.6635401195978
"Male",53,1.733,"P50: 173.3 cm","P50","Korea",23.3312222396324
"Male",54,1.733,"P50: 173.3 cm","P5","U.S.",20.360406424794
"Male",54,1.733,"P50: 173.3 cm","P5","Korea",19.3523698292486
"Male",54,1.733,"P50: 173.3 cm","P50","U.S.",25.5925565078688
"Male",54,1.733,"P50: 173.3 cm","P50","Korea",23.2820552828542
"Male",55,1.733,"P50: 173.3 cm","P5","U.S.",20.3026463010196
"Male",55,1.733,"P50: 173.3 cm","P5","Korea",19.3082861801557
"Male",55,1.733,"P50: 173.3 cm","P50","U.S.",25.5199531882775
"Male",55,1.733,"P50: 173.3 cm","P50","Korea",23.2290200233844
"Male",56,1.733,"P50: 173.3 cm","P5","U.S.",20.2437641595167
"Male",56,1.733,"P50: 173.3 cm","P5","Korea",19.2613807908863
"Male",56,1.733,"P50: 173.3 cm","P50","U.S.",25.4459395647937
"Male",56,1.733,"P50: 173.3 cm","P50","Korea",23.172590042164
"Male",57,1.733,"P50: 173.3 cm","P5","U.S.",20.1839777669173
"Male",57,1.733,"P50: 173.3 cm","P5","Korea",19.2120599658117
"Male",57,1.733,"P50: 173.3 cm","P50","U.S.",25.3707893803053
"Male",57,1.733,"P50: 173.3 cm","P50","Korea",23.1132541475881
"Male",58,1.733,"P50: 173.3 cm","P5","U.S.",20.1233151500013
"Male",58,1.733,"P50: 173.3 cm","P5","Korea",19.1607523615637
"Male",58,1.733,"P50: 173.3 cm","P50","U.S.",25.2945378777043
"Male",58,1.733,"P50: 173.3 cm","P50","Korea",23.0515280391542
"Male",59,1.733,"P50: 173.3 cm","P5","U.S.",20.0616121046058
"Male",59,1.733,"P50: 173.3 cm","P5","Korea",19.1079299319248
"Male",59,1.733,"P50: 173.3 cm","P50","U.S.",25.2169786686243
"Male",59,1.733,"P50: 173.3 cm","P50","Korea",22.987979505415
"Male",60,1.733,"P50: 173.3 cm","P5","U.S.",19.9986729606719
"Male",60,1.733,"P50: 173.3 cm","P5","Korea",19.0540654685736
"Male",60,1.733,"P50: 173.3 cm","P50","U.S.",25.1378658114485
"Male",60,1.733,"P50: 173.3 cm","P50","Korea",22.9231773429621
"Male",61,1.733,"P50: 173.3 cm","P5","U.S.",19.9341758381848
"Male",61,1.733,"P50: 173.3 cm","P5","Korea",18.9995890578034
"Male",61,1.733,"P50: 173.3 cm","P50","U.S.",25.0567947144871
"Male",61,1.733,"P50: 173.3 cm","P50","Korea",22.8576389712612
"Male",62,1.733,"P50: 173.3 cm","P5","U.S.",19.867755851613
"Male",62,1.733,"P50: 173.3 cm","P5","Korea",18.944905391884
"Male",62,1.733,"P50: 173.3 cm","P50","U.S.",24.9733067266208
"Male",62,1.733,"P50: 173.3 cm","P50","Korea",22.7918512592528
"Male",63,1.733,"P50: 173.3 cm","P5","U.S.",19.7990662205277
"Male",63,1.733,"P50: 173.3 cm","P5","Korea",18.8903294512018
"Male",63,1.733,"P50: 173.3 cm","P50","U.S.",24.8869659490475
"Male",63,1.733,"P50: 173.3 cm","P50","Korea",22.7261931471307
"Male",64,1.733,"P50: 173.3 cm","P5","U.S.",19.7277915056495
"Male",64,1.733,"P50: 173.3 cm","P5","Korea",18.8359464239898
"Male",64,1.733,"P50: 173.3 cm","P50","U.S.",24.7973758687778
"Male",64,1.733,"P50: 173.3 cm","P50","Korea",22.6607671214207
"Male",65,1.733,"P50: 173.3 cm","P5","U.S.",19.6536657440506
"Male",65,1.733,"P50: 173.3 cm","P5","Korea",18.7818036139965
"Male",65,1.733,"P50: 173.3 cm","P50","U.S.",24.7042021617521
"Male",65,1.733,"P50: 173.3 cm","P50","Korea",22.5956300913538
"Male",66,1.733,"P50: 173.3 cm","P5","U.S.",19.5769152737442
"Male",66,1.733,"P50: 173.3 cm","P5","Korea",18.7279263695055
"Male",66,1.733,"P50: 173.3 cm","P50","U.S.",24.6077293065479
"Male",66,1.733,"P50: 173.3 cm","P50","Korea",22.5308125524273
"Male",67,1.733,"P50: 173.3 cm","P5","U.S.",19.4980631971684
"Male",67,1.733,"P50: 173.3 cm","P5","Korea",18.6743231353482
"Male",67,1.733,"P50: 173.3 cm","P50","U.S.",24.5086148027853
"Male",67,1.733,"P50: 173.3 cm","P50","Korea",22.4663246642772
"Male",68,1.733,"P50: 173.3 cm","P5","U.S.",19.4176451234797
"Male",68,1.733,"P50: 173.3 cm","P5","Korea",18.6209823870927
"Male",68,1.733,"P50: 173.3 cm","P50","U.S.",24.4075318768466
"Male",68,1.733,"P50: 173.3 cm","P50","Korea",22.4021525623242
"Male",69,1.733,"P50: 173.3 cm","P5","U.S.",19.3362223452129
"Male",69,1.733,"P50: 173.3 cm","P5","Korea",18.5678253195181
"Male",69,1.733,"P50: 173.3 cm","P50","U.S.",24.3051860573641
"Male",69,1.733,"P50: 173.3 cm","P50","Korea",22.3382014391871
"Male",19,1.778,"P75: 177.8 cm","P5","U.S.",21.1883119520609
"Male",19,1.778,"P75: 177.8 cm","P5","Korea",20.366583426453
"Male",19,1.778,"P75: 177.8 cm","P50","U.S.",26.6332176085488
"Male",19,1.778,"P75: 177.8 cm","P50","Korea",24.5022147386252
"Male",20,1.778,"P75: 177.8 cm","P5","U.S.",21.26862545998
"Male",20,1.778,"P75: 177.8 cm","P5","Korea",20.4177313640687
"Male",20,1.778,"P75: 177.8 cm","P50","U.S.",26.7341684566891
"Male",20,1.778,"P75: 177.8 cm","P50","Korea",24.5637487585762
"Male",21,1.778,"P75: 177.8 cm","P5","U.S.",21.3468739639057
"Male",21,1.778,"P75: 177.8 cm","P5","Korea",20.4678543650428
"Male",21,1.778,"P75: 177.8 cm","P50","U.S.",26.8325237359526
"Male",21,1.778,"P75: 177.8 cm","P50","Korea",24.6240497186094
"Male",22,1.778,"P75: 177.8 cm","P5","U.S.",21.4222870666561
"Male",22,1.778,"P75: 177.8 cm","P5","Korea",20.5163711096914
"Male",22,1.778,"P75: 177.8 cm","P50","U.S.",26.9273151009117
"Male",22,1.778,"P75: 177.8 cm","P50","Korea",24.6824182564692
"Male",23,1.778,"P75: 177.8 cm","P5","U.S.",21.4940820247979
"Male",23,1.778,"P75: 177.8 cm","P5","Korea",20.5628112461834
"Male",23,1.778,"P75: 177.8 cm","P50","U.S.",27.0175586851941
"Male",23,1.778,"P75: 177.8 cm","P50","Korea",24.7382885108457
"Male",24,1.778,"P75: 177.8 cm","P5","U.S.",21.5616990154008
"Male",24,1.778,"P75: 177.8 cm","P5","Korea",20.6067386397881
"Male",24,1.778,"P75: 177.8 cm","P50","U.S.",27.102550823746
"Male",24,1.778,"P75: 177.8 cm","P50","Korea",24.7911357856426
"Male",25,1.778,"P75: 177.8 cm","P5","U.S.",21.6249480381578
"Male",25,1.778,"P75: 177.8 cm","P5","Korea",20.6477948463538
"Male",25,1.778,"P75: 177.8 cm","P50","U.S.",27.1820527023705
"Male",25,1.778,"P75: 177.8 cm","P50","Korea",24.8405288511638
"Male",26,1.778,"P75: 177.8 cm","P5","U.S.",21.6837286108252
"Male",26,1.778,"P75: 177.8 cm","P5","Korea",20.6857223400172
"Male",26,1.778,"P75: 177.8 cm","P50","U.S.",27.2559380278564
"Male",26,1.778,"P75: 177.8 cm","P50","Korea",24.8861578884343
"Male",27,1.778,"P75: 177.8 cm","P5","U.S.",21.7384912190701
"Male",27,1.778,"P75: 177.8 cm","P5","Korea",20.7202275474673
"Male",27,1.778,"P75: 177.8 cm","P50","U.S.",27.3247730565723
"Male",27,1.778,"P75: 177.8 cm","P50","Korea",24.9276697112491
"Male",28,1.778,"P75: 177.8 cm","P5","U.S.",21.7900051738378
"Male",28,1.778,"P75: 177.8 cm","P5","Korea",20.7507468782189
"Male",28,1.778,"P75: 177.8 cm","P50","U.S.",27.3895247983664
"Male",28,1.778,"P75: 177.8 cm","P50","Korea",24.9643862866362
"Male",29,1.778,"P75: 177.8 cm","P5","U.S.",21.8388983836121
"Male",29,1.778,"P75: 177.8 cm","P5","Korea",20.7766161006631
"Male",29,1.778,"P75: 177.8 cm","P50","U.S.",27.4509825144171
"Male",29,1.778,"P75: 177.8 cm","P50","Korea",24.9955085043483
"Male",30,1.778,"P75: 177.8 cm","P5","U.S.",21.885374538227
"Male",30,1.778,"P75: 177.8 cm","P5","Korea",20.7975105717542
"Male",30,1.778,"P75: 177.8 cm","P50","U.S.",27.5094022065494
"Male",30,1.778,"P75: 177.8 cm","P50","Korea",25.0206457994363
"Male",31,1.778,"P75: 177.8 cm","P5","U.S.",21.9295433943876
"Male",31,1.778,"P75: 177.8 cm","P5","Korea",20.8136816732604
"Male",31,1.778,"P75: 177.8 cm","P50","U.S.",27.5649218001332
"Male",31,1.778,"P75: 177.8 cm","P50","Korea",25.0401005991623
"Male",32,1.778,"P75: 177.8 cm","P5","U.S.",21.9711343966127
"Male",32,1.778,"P75: 177.8 cm","P5","Korea",20.825468578872
"Male",32,1.778,"P75: 177.8 cm","P50","U.S.",27.6172011790121
"Male",32,1.778,"P75: 177.8 cm","P50","Korea",25.0542809497077
"Male",33,1.778,"P75: 177.8 cm","P5","U.S.",22.0095016056524
"Male",33,1.778,"P75: 177.8 cm","P5","Korea",20.8334889382406
"Male",33,1.778,"P75: 177.8 cm","P50","U.S.",27.6654283803838
"Male",33,1.778,"P75: 177.8 cm","P50","Korea",25.0639299204465
"Male",34,1.778,"P75: 177.8 cm","P5","U.S.",22.0440250773174
"Male",34,1.778,"P75: 177.8 cm","P5","Korea",20.8385034933161
"Male",34,1.778,"P75: 177.8 cm","P50","U.S.",27.7088241187558
"Male",34,1.778,"P75: 177.8 cm","P50","Korea",25.0699627293229
"Male",35,1.778,"P75: 177.8 cm","P5","U.S.",22.0743089371331
"Male",35,1.778,"P75: 177.8 cm","P5","Korea",20.8412120132575
"Male",35,1.778,"P75: 177.8 cm","P50","U.S.",27.7468907699436
"Male",35,1.778,"P75: 177.8 cm","P50","Korea",25.073221240377
"Male",36,1.778,"P75: 177.8 cm","P5","U.S.",22.1000303430898
"Male",36,1.778,"P75: 177.8 cm","P5","Korea",20.8421755849754
"Male",36,1.778,"P75: 177.8 cm","P50","U.S.",27.7792225135778
"Male",36,1.778,"P75: 177.8 cm","P50","Korea",25.0743804746311
"Male",37,1.778,"P75: 177.8 cm","P5","U.S.",22.1207532956474
"Male",37,1.778,"P75: 177.8 cm","P5","Korea",20.8418995442713
"Male",37,1.778,"P75: 177.8 cm","P50","U.S.",27.8052712992567
"Male",37,1.778,"P75: 177.8 cm","P50","Korea",25.0740483811981
"Male",38,1.778,"P75: 177.8 cm","P5","U.S.",22.1358514464034
"Male",38,1.778,"P75: 177.8 cm","P5","Korea",20.8404321735731
"Male",38,1.778,"P75: 177.8 cm","P50","U.S.",27.8242498231601
"Male",38,1.778,"P75: 177.8 cm","P50","Korea",25.0722830467188
"Male",39,1.778,"P75: 177.8 cm","P5","U.S.",22.1446790779161
"Male",39,1.778,"P75: 177.8 cm","P5","Korea",20.8375134930836
"Male",39,1.778,"P75: 177.8 cm","P50","U.S.",27.8353464345552
"Male",39,1.778,"P75: 177.8 cm","P50","Korea",25.0687716999892
"Male",40,1.778,"P75: 177.8 cm","P5","U.S.",22.1465789538148
"Male",40,1.778,"P75: 177.8 cm","P5","Korea",20.8328823030693
"Male",40,1.778,"P75: 177.8 cm","P50","U.S.",27.8377349882649
"Male",40,1.778,"P75: 177.8 cm","P50","Korea",25.0632001021493
"Male",41,1.778,"P75: 177.8 cm","P5","U.S.",22.1408872319044
"Male",41,1.778,"P75: 177.8 cm","P5","Korea",20.8262909367797
"Male",41,1.778,"P75: 177.8 cm","P50","U.S.",27.8305810266971
"Male",41,1.778,"P75: 177.8 cm","P50","Korea",25.0552702953247
"Male",42,1.778,"P75: 177.8 cm","P5","U.S.",22.1271377541517
"Male",42,1.778,"P75: 177.8 cm","P5","Korea",20.8175116869281
"Male",42,1.778,"P75: 177.8 cm","P50","U.S.",27.8132985763335
"Male",42,1.778,"P75: 177.8 cm","P50","Korea",25.0447083340668
"Male",43,1.778,"P75: 177.8 cm","P5","U.S.",22.1054502925716
"Male",43,1.778,"P75: 177.8 cm","P5","Korea",20.8066377559298
"Male",43,1.778,"P75: 177.8 cm","P50","U.S.",27.7860381634924
"Male",43,1.778,"P75: 177.8 cm","P50","Korea",25.0316263464405
"Male",44,1.778,"P75: 177.8 cm","P5","U.S.",22.0760728255232
"Male",44,1.778,"P75: 177.8 cm","P5","Korea",20.79404398653
"Male",44,1.778,"P75: 177.8 cm","P50","U.S.",27.7491114674565
"Male",44,1.778,"P75: 177.8 cm","P50","Korea",25.016475290628
"Male",45,1.778,"P75: 177.8 cm","P5","U.S.",22.039718093568
"Male",45,1.778,"P75: 177.8 cm","P5","Korea",20.7800194118908
"Male",45,1.778,"P75: 177.8 cm","P50","U.S.",27.7034143785047
"Male",45,1.778,"P75: 177.8 cm","P50","Korea",24.9996028907645
"Male",46,1.778,"P75: 177.8 cm","P5","U.S.",21.9975635994714
"Male",46,1.778,"P75: 177.8 cm","P5","Korea",20.7644715805125
"Male",46,1.778,"P75: 177.8 cm","P50","U.S.",27.6504269979143
"Male",46,1.778,"P75: 177.8 cm","P50","Korea",24.9808979221806
"Male",47,1.778,"P75: 177.8 cm","P5","U.S.",21.9508270400117
"Male",47,1.778,"P75: 177.8 cm","P5","Korea",20.7472050057105
"Male",47,1.778,"P75: 177.8 cm","P50","U.S.",27.591679955143
"Male",47,1.778,"P75: 177.8 cm","P50","Korea",24.9601252027342
"Male",48,1.778,"P75: 177.8 cm","P5","U.S.",21.9008345475085
"Male",48,1.778,"P75: 177.8 cm","P5","Korea",20.727798453831
"Male",48,1.778,"P75: 177.8 cm","P50","U.S.",27.5288402053309
"Male",48,1.778,"P75: 177.8 cm","P50","Korea",24.936777963213
"Male",49,1.778,"P75: 177.8 cm","P5","U.S.",21.8489432359937
"Male",49,1.778,"P75: 177.8 cm","P5","Korea",20.7055734681475
"Male",49,1.778,"P75: 177.8 cm","P50","U.S.",27.463613655132
"Male",49,1.778,"P75: 177.8 cm","P50","Korea",24.9100399797045
"Male",50,1.778,"P75: 177.8 cm","P5","U.S.",21.7960684056245
"Male",50,1.778,"P75: 177.8 cm","P5","Korea",20.6798983918531
"Male",50,1.778,"P75: 177.8 cm","P50","U.S.",27.3971508516755
"Male",50,1.778,"P75: 177.8 cm","P50","Korea",24.8791513313916
"Male",51,1.778,"P75: 177.8 cm","P5","U.S.",21.7423723498559
"Male",51,1.778,"P75: 177.8 cm","P5","Korea",20.650470382998
"Male",51,1.778,"P75: 177.8 cm","P50","U.S.",27.3296558135346
"Male",51,1.778,"P75: 177.8 cm","P50","Korea",24.8437476813438
"Male",52,1.778,"P75: 177.8 cm","P5","U.S.",21.6879244883905
"Male",52,1.778,"P75: 177.8 cm","P5","Korea",20.617101220744
"Male",52,1.778,"P75: 177.8 cm","P50","U.S.",27.2612158160638
"Male",52,1.778,"P75: 177.8 cm","P50","Korea",24.8036025886656
"Male",53,1.778,"P75: 177.8 cm","P5","U.S.",21.6325916170452
"Male",53,1.778,"P75: 177.8 cm","P5","Korea",20.579814164323
"Male",53,1.778,"P75: 177.8 cm","P50","U.S.",27.1916634259916
"Male",53,1.778,"P75: 177.8 cm","P50","Korea",24.7587440356
"Male",54,1.778,"P75: 177.8 cm","P5","U.S.",21.5761200944054
"Male",54,1.778,"P75: 177.8 cm","P5","Korea",20.5389459025055
"Male",54,1.778,"P75: 177.8 cm","P50","U.S.",27.1206798142627
"Male",54,1.778,"P75: 177.8 cm","P50","Korea",24.7095770788218
"Male",55,1.778,"P75: 177.8 cm","P5","U.S.",21.518359970631
"Male",55,1.778,"P75: 177.8 cm","P5","Korea",20.4948622534126
"Male",55,1.778,"P75: 177.8 cm","P50","U.S.",27.0480764946713
"Male",55,1.778,"P75: 177.8 cm","P50","Korea",24.656541819352
"Male",56,1.778,"P75: 177.8 cm","P5","U.S.",21.4594778291281
"Male",56,1.778,"P75: 177.8 cm","P5","Korea",20.4479568641432
"Male",56,1.778,"P75: 177.8 cm","P50","U.S.",26.9740628711875
"Male",56,1.778,"P75: 177.8 cm","P50","Korea",24.6001118381317
"Male",57,1.778,"P75: 177.8 cm","P5","U.S.",21.3996914365287
"Male",57,1.778,"P75: 177.8 cm","P5","Korea",20.3986360390686
"Male",57,1.778,"P75: 177.8 cm","P50","U.S.",26.8989126866991
"Male",57,1.778,"P75: 177.8 cm","P50","Korea",24.5407759435557
"Male",58,1.778,"P75: 177.8 cm","P5","U.S.",21.3390288196127
"Male",58,1.778,"P75: 177.8 cm","P5","Korea",20.3473284348206
"Male",58,1.778,"P75: 177.8 cm","P50","U.S.",26.8226611840981
"Male",58,1.778,"P75: 177.8 cm","P50","Korea",24.4790498351219
"Male",59,1.778,"P75: 177.8 cm","P5","U.S.",21.2773257742171
"Male",59,1.778,"P75: 177.8 cm","P5","Korea",20.2945060051817
"Male",59,1.778,"P75: 177.8 cm","P50","U.S.",26.7451019750181
"Male",59,1.778,"P75: 177.8 cm","P50","Korea",24.4155013013827
"Male",60,1.778,"P75: 177.8 cm","P5","U.S.",21.2143866302832
"Male",60,1.778,"P75: 177.8 cm","P5","Korea",20.2406415418305
"Male",60,1.778,"P75: 177.8 cm","P50","U.S.",26.6659891178423
"Male",60,1.778,"P75: 177.8 cm","P50","Korea",24.3506991389297
"Male",61,1.778,"P75: 177.8 cm","P5","U.S.",21.1498895077962
"Male",61,1.778,"P75: 177.8 cm","P5","Korea",20.1861651310603
"Male",61,1.778,"P75: 177.8 cm","P50","U.S.",26.5849180208809
"Male",61,1.778,"P75: 177.8 cm","P50","Korea",24.2851607672288
"Male",62,1.778,"P75: 177.8 cm","P5","U.S.",21.0834695212243
"Male",62,1.778,"P75: 177.8 cm","P5","Korea",20.1314814651409
"Male",62,1.778,"P75: 177.8 cm","P50","U.S.",26.5014300330146
"Male",62,1.778,"P75: 177.8 cm","P50","Korea",24.2193730552205
"Male",63,1.778,"P75: 177.8 cm","P5","U.S.",21.014779890139
"Male",63,1.778,"P75: 177.8 cm","P5","Korea",20.0769055244586
"Male",63,1.778,"P75: 177.8 cm","P50","U.S.",26.4150892554413
"Male",63,1.778,"P75: 177.8 cm","P50","Korea",24.1537149430984
"Male",64,1.778,"P75: 177.8 cm","P5","U.S.",20.9435051752608
"Male",64,1.778,"P75: 177.8 cm","P5","Korea",20.0225224972467
"Male",64,1.778,"P75: 177.8 cm","P50","U.S.",26.3254991751716
"Male",64,1.778,"P75: 177.8 cm","P50","Korea",24.0882889173883
"Male",65,1.778,"P75: 177.8 cm","P5","U.S.",20.8693794136619
"Male",65,1.778,"P75: 177.8 cm","P5","Korea",19.9683796872534
"Male",65,1.778,"P75: 177.8 cm","P50","U.S.",26.2323254681459
"Male",65,1.778,"P75: 177.8 cm","P50","Korea",24.0231518873215
"Male",66,1.778,"P75: 177.8 cm","P5","U.S.",20.7926289433556
"Male",66,1.778,"P75: 177.8 cm","P5","Korea",19.9145024427623
"Male",66,1.778,"P75: 177.8 cm","P50","U.S.",26.1358526129417
"Male",66,1.778,"P75: 177.8 cm","P50","Korea",23.9583343483949
"Male",67,1.778,"P75: 177.8 cm","P5","U.S.",20.7137768667797
"Male",67,1.778,"P75: 177.8 cm","P5","Korea",19.8608992086051
"Male",67,1.778,"P75: 177.8 cm","P50","U.S.",26.0367381091791
"Male",67,1.778,"P75: 177.8 cm","P50","Korea",23.8938464602448
"Male",68,1.778,"P75: 177.8 cm","P5","U.S.",20.633358793091
"Male",68,1.778,"P75: 177.8 cm","P5","Korea",19.8075584603496
"Male",68,1.778,"P75: 177.8 cm","P50","U.S.",25.9356551832404
"Male",68,1.778,"P75: 177.8 cm","P50","Korea",23.8296743582918
"Male",69,1.778,"P75: 177.8 cm","P5","U.S.",20.5519360148242
"Male",69,1.778,"P75: 177.8 cm","P5","Korea",19.754401392775
"Male",69,1.778,"P75: 177.8 cm","P50","U.S.",25.8333093637579
"Male",69,1.778,"P75: 177.8 cm","P50","Korea",23.7657232351547
