"check","status","detail"
"Exact mirrored model specifications","PASS","Female BCCG alm_kg ~ pb(age, df=3, inter=10) + pb(height_m, df=3, inter=10); Male BCT alm_kg ~ pb(age, df=3) + pb(height_m, df=3)"
"Model convergence and sample size","PASS","converged=TRUE,TRUE; N=9240,6986"
"Normalized fitting weights","PASS","1,1"
"Local z mean and SD calibration","PASS","Female mean=0.00010 SD=1.00005; Male mean=-0.00007 SD=1.00011"
"Local z tail calibration","PASS","Female P5=4.82% P10=9.62%; Male P5=5.60% P10=10.18%"
"Residual age-height independence","PASS","Female height10 b=-0.00364 p=0.896; Female age b=-0.00075 p=0.538; Male height10 b=0.00244 p=0.925; Male age b=-0.00010 p=0.936"
"Common domains valid","PASS","Female,Male"
"Common grid complete","PASS","rows=2703; missing=0"
"U.S. centiles ordered","PASS","rows checked=2703"
"Korean centiles ordered","PASS","rows checked=2703"
"Surface summaries complete","PASS","Female Primary common 1st-99th; Female Strict recommended/common 5th-95th; Male Primary common 1st-99th; Male Strict recommended/common 5th-95th"
"Scale ratios valid","PASS","Female P95-P5 ratio=0.548; Female P95-P5 ratio=0.548; Male P95-P5 ratio=0.679; Male P95-P5 ratio=0.676"
"Age bands complete","PASS","rows=10"
"Representative curves complete","PASS","rows=1224; labels=P25: 156.0 cm, P50: 160.2 cm, P75: 164.3 cm, P25: 168.9 cm, P50: 173.3 cm, P75: 177.8 cm"
"All figures generated","PASS","12/12 files present"
