sex,definition_order,definition,m,estimate,standard_error,df,conf_low,conf_high,p_value,analysis_n,odds_ratio_per_10cm,or_conf_low,or_conf_high,percent_change_in_odds
Female,1,Conditional H P5,5,-0.47942947369258737,0.13348707673345095,284771.6064990488,-0.7410604485016881,-0.21779849888348662,3.287349245603534e-4,5937,0.6191365247359908,0.47660822895885335,0.8042874901668008,-38.08634752640092
Female,2,EWGSOP2 low ALMI,5,-0.14922421621578735,0.07176007355256023,Inf,-0.2898713759067506,-0.0085770565248241,0.03757251401533417,5937,0.8613759587875518,0.7483598184914171,0.991459621486457,-13.86240412124482
Female,3,FNIH low ALM/BMI,5,-3.3433678377907388,0.15486318505768065,Inf,-3.6468941030349544,-3.039841572546523,2.2704714454711593e-103,5937,0.03531781253963355,0.026071980039595277,0.04784246845427011,-96.46821874603665
Female,4,ALM/weight Definition 1,5,-0.8770827107120628,0.20299191460219568,Inf,-1.2749395524851965,-0.47922586893892904,1.554810377486388e-5,5937,0.41599472016517125,0.2794478596395124,0.6192625967095816,-58.400527983482874
Female,5,ALM/weight Definition 2,5,-0.560941797448889,0.06629787527876456,Inf,-0.6908832452467959,-0.43100034965098205,2.6524962926779457e-17,5937,0.5706713538563943,0.5011332499748629,0.6498586835509829,-42.93286461436057
Male,1,Conditional H P5,5,0.013590080109686547,0.11219704368416762,9730.988974167942,-0.20633944000804313,0.23351960022741622,0.9035930236950434,5855,1.0136828449994673,0.8135568756563849,1.2630375834721759,1.3682844999467259
Male,2,EWGSOP2 low ALMI,5,-0.2011503234717143,0.09280244593631955,Inf,-0.3830397751841261,-0.019260871759302522,0.030195910975099858,5855,0.8177894893583703,0.681785780591711,0.9809234336401103,-18.221051064162975
Male,3,FNIH low ALM/BMI,5,-2.2907656678803816,0.10759950746356516,Inf,-2.501656827263218,-2.079874508497545,1.413060702340854e-100,5855,0.1011889550527026,0.08194911056288488,0.12494589086236219,-89.88110449472974
Male,4,ALM/weight Definition 1,5,-0.3753644834294025,0.14351595315862198,Inf,-0.6566505828272389,-0.09407838403156604,0.008909963368833693,5855,0.68703881888466245,0.5185853876397701,0.9102114134043386,-31.296118111533755
Male,5,ALM/weight Definition 2,5,-0.20731300780804537,0.08468170757750768,Inf,-0.37328610480931296,-0.04133991080677779,0.01435942842387208,5855,0.8127652083122235,0.6884682305918223,0.9595029290966075,-18.723479168777647
