"year","limb","n_complete","mean_ln_g","mean_bmc_g","mean_abs_mass_minus_ln_ft_bmc","mean_abs_mass_minus_ln_ft","cor_mass_ln_ft_bmc","cor_mass_ln_ft"
2008,"Lrm",3394,2195.66025371392,138.031504399086,138.031504399086,1.25892094496753e-13,0.999497618122577,1
2008,"Rrm",3394,2355.79808389984,143.950549963015,143.950549963015,1.31209650621769e-13,0.999510441980978,1
2008,"Llg",2101,6063.56140754181,325.420344236373,325.420344236373,3.70794410036827e-13,0.998614636253802,1
2008,"Rlg",1971,6139.22563209317,322.739642650556,322.739642650556,3.84925982514056e-13,0.998541665957363,1
2009,"Lrm",7739,2220.86542178973,138.449630621537,138.449630621537,1.24421642821121e-13,0.99948636368128,1
2009,"Rrm",7739,2352.67313087203,144.498568479434,144.498568479434,1.3273257814106e-13,0.999502227358767,1
2009,"Llg",4690,5984.76889271416,328.067313348991,328.067313348991,3.69482222595252e-13,0.998260318312096,1
2009,"Rlg",4434,6010.93516212995,322.036480012216,322.036480012216,3.7949456137069e-13,0.998401377440273,1
2010,"Lrm",6879,2178.33758931386,137.16945893011,137.169458932191,2.88371767737032e-07,0.999495239698342,1
2010,"Rrm",6879,2292.2412406818,143.296173886543,143.296173888796,2.93632857822688e-07,0.999509853990896,1
2010,"Llg",4250,5805.10181213318,323.451517440896,323.451517425085,2.6258853172829e-07,0.998530014473334,1
2010,"Rlg",3963,5812.88533904416,319.379003968514,319.379003970734,2.56371732360377e-07,0.998602424976127,1
2011,"Lrm",2707,2173.35124360137,135.163815667211,135.16381567205,2.98596283874635e-07,0.999502321418641,1
2011,"Rrm",2707,2285.09331399291,140.990828753809,140.990828754215,3.01773233177616e-07,0.99950558872242,1
2011,"Llg",1673,5929.05415455589,322.444486516139,322.444486496712,2.65332016332396e-07,0.998409690412296,1
2011,"Rlg",1548,5928.07840427261,316.235061491182,316.235061508559,2.62984796730179e-07,0.99847324786771,1
