"scope","year","sex","n","weighted_mean_z","mean_z_lcl","mean_z_ucl","weighted_sd_z","p5_percent","p5_lcl","p5_ucl","p10_percent","p10_lcl","p10_ucl"
"Primary 19-69 pooled",NA,"Female",9240,-0.6971489852862,-0.724187824466697,-0.670110146105703,0.742503446350525,10.2691225181847,9.34723230538089,11.2706317980671,21.2379260840706,19.9614394437395,22.5730196475441
"Primary 19-69 by year",2008,"Female",1761,-0.650521928714752,-0.706344270803294,-0.59469958662621,0.682211487857697,7.9391306438118,6.26555086983527,10.0119892854118,17.8988418144839,15.3412767100178,20.7781350853718
"Primary 19-69 by year",2009,"Female",3436,-0.637542548315069,-0.683465814690198,-0.591619281939939,0.734209176778776,8.48147086058836,7.04017696606547,10.1855021297571,18.5469181216344,16.5065158864148,20.7767756920964
"Primary 19-69 by year",2010,"Female",2901,-0.809562211899777,-0.861331664002497,-0.757792759797056,0.778703649960627,14.3629384624651,12.5125662940868,16.4355401582244,26.4644924249097,23.8728523420939,29.2294558181204
"Primary 19-69 by year",2011,"Female",1142,-0.65178779475418,-0.709923033444477,-0.593652556063883,0.724727842830047,8.45887335972575,6.52739494608139,10.8952645633181,20.3807742214886,17.8677255387704,23.1476613594645
"Primary 19-69 pooled",NA,"Male",6986,-0.64384506656845,-0.672094725361261,-0.615595407775639,0.785645056767096,10.206658515039,9.25408428332098,11.2451357820631,20.9726314403127,19.7012979490818,22.3032178560064
"Primary 19-69 by year",2008,"Male",1280,-0.590679799580128,-0.650415773455363,-0.530943825704893,0.782402954673901,8.20512304007265,6.61509874653196,10.1358486597981,18.6465652465178,16.4284032623674,21.088647794654
"Primary 19-69 by year",2009,"Male",2666,-0.601334842344277,-0.645996074565111,-0.556673610123443,0.776842168187632,9.08686609648782,7.6350704885372,10.782491896038,18.7979920362295,16.7226142944348,21.0657827929511
"Primary 19-69 by year",2010,"Male",2202,-0.735510246059682,-0.788815661075815,-0.682204831043548,0.786345188843767,13.278159836779,11.3364692950914,15.4943019172713,24.2669229239395,21.787019869251,26.9319018879072
"Primary 19-69 by year",2011,"Male",838,-0.609932693408871,-0.689000157851488,-0.530865228966253,0.793257606640821,8.58501732040782,6.42976644988959,11.374882704612,21.8891116606373,18.6372798074222,25.5302886186487
"Sensitivity 19-59 pooled",NA,"Female",7497,-0.739348486533734,-0.7684022259394,-0.710294747128067,0.749001221783705,11.24673862677,10.2327768486627,12.3473535459175,23.0652939554486,21.6626568307,24.5303116208241
"Sensitivity 19-59 pooled",NA,"Male",5601,-0.655574895943343,-0.685534139849454,-0.625615652037232,0.785586460414063,10.4706341007476,9.42410369451203,11.6184725614358,21.4140314172215,20.0420382409686,22.8531015538599
"Age extension 60-69",NA,"Female",1743,-0.39455429465606,-0.432651340645138,-0.356457248666982,0.614614444348366,3.25905280176196,2.36009491042054,4.48469556852504,8.1346476229687,6.72049667539815,9.81505827907928
"Age extension 60-69",NA,"Male",1385,-0.546239221619469,-0.602782149286493,-0.489696293952445,0.779656765195026,8.0100741059276,6.4684714659157,9.8802692676784,17.2996694259134,14.8499934218782,20.0582556684815
