sex,imputation,model,family,mu_formula,n,converged,iterations,effective_df,global_deviance,AIC,BIC,attempt,elapsed_seconds,weight_version
Female,1,Age-only,BCCG,"pb(age,df=3,inter=10)",7890,TRUE,7,7.000000042935746,42784.265780153866,42798.26578023974,42847.079240436025,1,7.691934108734131,Corrected pooled development weights
Female,2,Age-only,BCCG,"pb(age,df=3,inter=10)",7890,TRUE,7,7.000000038228228,42822.33973710256,42836.33973717902,42885.15319734248,1,6.497203826904297,Corrected pooled development weights
Female,3,Age-only,BCCG,"pb(age,df=3,inter=10)",7890,TRUE,7,7.000000033873543,42816.85922180808,42830.85922187583,42879.67268200892,1,6.1635918617248535,Corrected pooled development weights
Female,4,Age-only,BCCG,"pb(age,df=3,inter=10)",7890,TRUE,5,7.000000039382993,42824.9180857541,42838.91808583287,42887.731546004376,1,5.274301052093506,Corrected pooled development weights
Female,5,Age-only,BCCG,"pb(age,df=3,inter=10)",7890,TRUE,6,7.000000047400149,42807.138270604264,42821.13827069906,42869.951730926485,1,4.957926988601685,Corrected pooled development weights
Male,1,Age-only,BCT,"pb(age,df=3)",8128,TRUE,9,7.999992426412097,48333.398383190935,48349.39836804376,48405.42287636394,1,7.529433965682983,Corrected pooled development weights
Male,2,Age-only,BCT,"pb(age,df=3)",8128,TRUE,9,7.999987204691211,48317.319053716354,48333.319028125734,48389.34349987784,1,6.753036975860596,Corrected pooled development weights
Male,3,Age-only,BCT,"pb(age,df=3)",8128,TRUE,9,7.999998034969261,48319.56985717929,48335.569853249224,48391.59440084652,1,6.471006870269775,Corrected pooled development weights
Male,4,Age-only,BCT,"pb(age,df=3)",8128,TRUE,9,7.999985747931016,48273.53400241105,48289.53397390691,48345.55843545722,1,5.6381189823150635,Corrected pooled development weights
Male,5,Age-only,BCT,"pb(age,df=3)",8128,TRUE,9,7.999988760911526,48285.843679077574,48301.8436565994,48357.86813924982,1,5.059543132781982,Corrected pooled development weights
Female,1,Age+height,BCCG,"pb(age,df=3,inter=10)+pb(height,df=3,inter=10)",7890,TRUE,6,10.999981048804717,41173.050802744605,41195.05076484221,41271.75749824111,1,4.032137155532837,Corrected pooled development weights
Female,2,Age+height,BCCG,"pb(age,df=3,inter=10)+pb(height,df=3,inter=10)",7890,TRUE,6,11.000000040656992,41205.21666033065,41227.21666041196,41303.92352624771,1,4.551095008850098,Corrected pooled development weights
Female,3,Age+height,BCCG,"pb(age,df=3,inter=10)+pb(height,df=3,inter=10)",7890,TRUE,6,11.000011706727904,41191.866079513726,41213.86610292718,41290.57305011455,1,5.4971702098846436,Corrected pooled development weights
Female,4,Age+height,BCCG,"pb(age,df=3,inter=10)+pb(height,df=3,inter=10)",7890,TRUE,6,10.999991300741158,41208.548565929515,41230.548548531,41307.255353420245,1,4.358593940734863,Corrected pooled development weights
Female,5,Age+height,BCCG,"pb(age,df=3,inter=10)+pb(height,df=3,inter=10)",7890,TRUE,6,11.000004937237614,41184.56592215898,41206.56593203346,41283.27283201479,1,3.6055350303649902,Corrected pooled development weights
Male,1,Age+height,BCT,"pb(age,df=3)+pb(height,df=3)",8128,TRUE,7,25.908468721189905,45189.5480929031,45241.36503034548,45422.80385479251,1,6.914103031158447,Corrected pooled development weights
Male,2,Age+height,BCT,"pb(age,df=3)+pb(height,df=3)",8128,TRUE,6,25.90559638993117,45180.16985502922,45231.98104780908,45413.399757118765,1,5.4809980392456055,Corrected pooled development weights
Male,3,Age+height,BCT,"pb(age,df=3)+pb(height,df=3)",8128,TRUE,6,25.985659648012707,45194.6101291671,45246.58144846313,45428.560846387176,1,5.662853002548218,Corrected pooled development weights
Male,4,Age+height,BCT,"pb(age,df=3)+pb(height,df=3)",8128,TRUE,7,25.737061215783427,45148.07229785097,45199.54642028254,45379.784865941576,1,6.530771017074585,Corrected pooled development weights
Male,5,Age+height,BCT,"pb(age,df=3)+pb(height,df=3)",8128,TRUE,6,25.99576310891241,45142.07480748536,45194.06633370319,45376.116486872874,1,5.400463104248047,Corrected pooled development weights
