sex,model,metric,m,estimate,standard_error,df,conf_low,conf_high,p_value,z_sd,unweighted_n,percent,percent_low,percent_high
Female,Age+height,P10,5,0.09177161729360246,0.004712815355644738,128071.38097853895,0.08253458163427616,0.10100865295292877,2.4762156110426907e-84,1.002514156351596,7890,9.177161729360247,8.253458163427615,10.100865295292877
Female,Age+height,P5,5,0.04619571243782176,0.003437902887612171,1991.943555681289,0.03945344983725778,0.05293797503838574,1.8147895602537303e-39,1.002514156351596,7890,4.619571243782175,3.9453449837257777,5.293797503838574
Female,Age+height,mean_z,5,-0.0011518176089608545,0.02011469966783739,2857174.834342905,-0.04057592121871512,0.038272286000793417,0.9543361110623919,1.002514156351596,7890,NA,NA,NA
Female,Age-only,P10,5,0.09474009772523151,0.004501777313074566,803.8802909234021,0.08590347178108396,0.10357672366937906,1.1604734759929603e-78,1.0014737079439755,7890,9.47400977252315,8.590347178108395,10.357672366937907
Female,Age-only,P5,5,0.04634555018094202,0.002900273689285499,650.1677835814282,0.04065051656581913,0.0520405837960649,9.952550689398242e-49,1.0014737079439755,7890,4.6345550180942015,4.065051656581913,5.20405837960649
Female,Age-only,mean_z,5,-4.6503840527406173e-4,0.01949462537540262,5079593.189148174,-0.03867381113754442,0.037743734326996306,0.9809685105080543,1.0014737079439755,7890,NA,NA,NA
Male,Age+height,P10,5,0.10517199414783732,0.005056778636616534,5192.551930790083,0.09525857937103929,0.11508540892463534,2.3859251999947003e-92,1.0060390246501223,8128,10.517199414783732,9.525857937103929,11.508540892463534
Male,Age+height,P5,5,0.04980871225643319,0.0034758529755724537,964.1843373581097,0.04298760308572667,0.056629821427139716,2.2970851629326596e-42,1.0060390246501223,8128,4.98087122564332,4.298760308572667,5.662982142713972
Male,Age+height,mean_z,5,-1.6133848841934896e-4,0.018723416232958406,17581488.970599804,-0.03685856249892213,0.03653588552208343,0.9931247645997396,1.0060390246501223,8128,NA,NA,NA
Male,Age-only,P10,5,0.10060651373660669,0.004471564256716689,821.5099125000985,0.0918294775970574,0.10938354987615598,1.029998640072e-87,1.0014434699390353,8128,10.060651373660669,9.18294775970574,10.938354987615599
Male,Age-only,P5,5,0.04870522987437415,0.0033047782214374664,230.3898274250727,0.04219377861582047,0.05521668113292783,4.4745356109750096e-35,1.0014434699390353,8128,4.870522987437416,4.219377861582047,5.521668113292783
Male,Age-only,mean_z,5,-6.934806866411498e-5,0.016782222643291222,5692869.343605832,-0.03296190702335611,0.03282321088602788,0.9967029639287388,1.0014434699390353,8128,NA,NA,NA
