sex,model,outcome,height_point,height_cm,estimate,conf_low,conf_high,spline_global_p,spline_nonlinearity_p
Female,Age-only,z,P10,153.6,-0.5199347737828808,-0.5845584384567607,-0.45531110910900086,5.894751364952821e-211,0.0010965922289985874
Female,Age-only,z,P25,157.8,-0.22169899789006464,-0.2828085562243481,-0.16058943955578117,5.894751364952821e-211,0.0010965922289985874
Female,Age-only,z,P50,162.7,0.15722882979023803,0.11251419236185614,0.20194346721861992,5.894751364952821e-211,0.0010965922289985874
Female,Age-only,z,P75,167.1,0.45246271506298996,0.39942127679459694,0.505504153331383,5.894751364952821e-211,0.0010965922289985874
Female,Age-only,z,P90,171.2,0.6424798570502195,0.5883422685944573,0.6966174455059817,5.894751364952821e-211,0.0010965922289985874
Female,Age-only,P5,P10,153.6,0.11417041147841145,0.08955715210414861,0.1387836708526743,3.897114627437597e-38,0.07064510084757702
Female,Age-only,P5,P25,157.8,0.0645672771424465,0.04925723924513721,0.0798773150397558,3.897114627437597e-38,0.07064510084757702
Female,Age-only,P5,P50,162.7,0.02200783700517222,0.015221804786886829,0.02879386922345761,3.897114627437597e-38,0.07064510084757702
Female,Age-only,P5,P75,167.1,0.006928127075202425,0.002688733952563821,0.011167520197841029,3.897114627437597e-38,0.07064510084757702
Female,Age-only,P5,P90,171.2,0.0025764180632418536,-7.529237140303925e-4,0.005905759840514099,3.897114627437597e-38,0.07064510084757702
Female,Age-only,P10,P10,153.6,0.2126703818269907,0.18008108794755828,0.2452596757064231,9.011728019176562e-40,0.0015900663350228497
Female,Age-only,P10,P25,157.8,0.13122247315813987,0.11041080559184724,0.1520341407244325,9.011728019176562e-40,0.0015900663350228497
Female,Age-only,P10,P50,162.7,0.05297678331666902,0.04079215451719166,0.06516141211614637,9.011728019176562e-40,0.0015900663350228497
Female,Age-only,P10,P75,167.1,0.015197423915215641,0.008761414492717353,0.021633433337713927,9.011728019176562e-40,0.0015900663350228497
Female,Age-only,P10,P90,171.2,0.003517646092217118,-7.222215655665258e-4,0.007757513750000762,9.011728019176562e-40,0.0015900663350228497
Female,Age+height,z,P10,153.6,0.09919974668014446,0.0315113207508005,0.1668881726094884,0.1190732815003702,0.06050305175512534
Female,Age+height,z,P25,157.8,0.09881808741197395,0.03324992911195676,0.16438624571199115,0.1190732815003702,0.06050305175512534
Female,Age+height,z,P50,162.7,0.16203940771062023,0.11270250898303033,0.21137630643821012,0.1190732815003702,0.06050305175512534
Female,Age+height,z,P75,167.1,0.199747069465524,0.1394859345886796,0.2600082043423684,0.1190732815003702,0.06050305175512534
Female,Age+height,z,P90,171.2,0.15837978027784674,0.09533493000296235,0.22142463055273115,0.1190732815003702,0.06050305175512534
Female,Age+height,P5,P10,153.6,0.04931945141989506,0.03366287098213748,0.06497603185765265,0.003294443550386078,0.8609685875936426
Female,Age+height,P5,P25,157.8,0.04288892086959933,0.029363881394474912,0.05641396034472374,0.003294443550386078,0.8609685875936426
Female,Age+height,P5,P50,162.7,0.03325790948397179,0.026439010602945165,0.04007680836499841,0.003294443550386078,0.8609685875936426
Female,Age+height,P5,P75,167.1,0.02566665960244179,0.017058754440060803,0.034274564764822775,0.003294443550386078,0.8609685875936426
Female,Age+height,P5,P90,171.2,0.020841660905187416,0.012679090347298201,0.02900423146307663,0.003294443550386078,0.8609685875936426
Female,Age+height,P10,P10,153.6,0.0850547348073072,0.06656196556310098,0.10354750405151342,0.6405353875786878,0.6949108865097207
Female,Age+height,P10,P25,157.8,0.08682664358159206,0.06873195127718248,0.10492133588600164,0.6405353875786878,0.6949108865097207
Female,Age+height,P10,P50,162.7,0.08002553800362679,0.06854811449224742,0.09150296151500616,0.6405353875786878,0.6949108865097207
Female,Age+height,P10,P75,167.1,0.07241481675964122,0.05721053433436577,0.08761909918491667,0.6405353875786878,0.6949108865097207
Female,Age+height,P10,P90,171.2,0.06937246959613083,0.054394076210691616,0.08435086298157005,0.6405353875786878,0.6949108865097207
Male,Age-only,z,P10,166.4,-0.6283086137735236,-0.6824281970397017,-0.5741890305073456,3.2810560183153876e-286,0.005360486059132283
Male,Age-only,z,P25,170.7,-0.28213231681029494,-0.3361301135227798,-0.22813452009781005,3.2810560183153876e-286,0.005360486059132283
Male,Age-only,z,P50,175.5,0.071550438064498,0.02828300911252858,0.11481786701646741,3.2810560183153876e-286,0.005360486059132283
Male,Age-only,z,P75,180.2,0.37905467934093123,0.31616494918932053,0.44194440949254193,3.2810560183153876e-286,0.005360486059132283
Male,Age-only,z,P90,184.2,0.6195302527779356,0.5551790302290327,0.6838814753268385,3.2810560183153876e-286,0.005360486059132283
Male,Age-only,P5,P10,166.4,0.10548386666837521,0.08575859732138982,0.1252091360153606,1.690117571742778e-35,0.5801388180859111
Male,Age-only,P5,P25,170.7,0.05336102329569938,0.04265753320767734,0.06406451338372142,1.690117571742778e-35,0.5801388180859111
Male,Age-only,P5,P50,175.5,0.02845466145484311,0.016794889603797505,0.040114433305888715,1.690117571742778e-35,0.5801388180859111
Male,Age-only,P5,P75,180.2,0.010519102723232678,0.004184663588591156,0.0168535418578742,1.690117571742778e-35,0.5801388180859111
Male,Age-only,P5,P90,184.2,0.0024307538323326567,-0.0017733368707382553,0.006634844535403569,1.690117571742778e-35,0.5801388180859111
Male,Age-only,P10,P10,166.4,0.22141361159402495,0.1923015713742161,0.2505256518138338,9.02762978055753e-89,0.3792310081885313
Male,Age-only,P10,P25,170.7,0.1255531866577094,0.10676670751176852,0.1443396658036503,9.02762978055753e-89,0.3792310081885313
Male,Age-only,P10,P50,175.5,0.06783580929795686,0.05478791653228898,0.08088370206362475,9.02762978055753e-89,0.3792310081885313
Male,Age-only,P10,P75,180.2,0.030846458447153207,0.022148259038008183,0.03954465785629823,9.02762978055753e-89,0.3792310081885313
Male,Age-only,P10,P90,184.2,0.011817663728968234,0.005741969347135632,0.017893358110800835,9.02762978055753e-89,0.3792310081885313
Male,Age+height,z,P10,166.4,0.20148829837156101,0.13800194587574993,0.2649746508673721,0.044547486639501636,0.4591648778786116
Male,Age+height,z,P25,170.7,0.16000142668093678,0.0964033077857011,0.22359954557617245,0.044547486639501636,0.4591648778786116
Male,Age+height,z,P50,175.5,0.12373855028945409,0.07199653842817738,0.1754805621507308,0.044547486639501636,0.4591648778786116
Male,Age+height,z,P75,180.2,0.10859327752191701,0.03212928834668086,0.18505726669715317,0.044547486639501636,0.4591648778786116
Male,Age+height,z,P90,184.2,0.1127247857482455,0.03322089864600991,0.1922286728504811,0.044547486639501636,0.4591648778786116
Male,Age+height,P5,P10,166.4,0.03984943714125323,0.030397427583287295,0.04930144669921917,0.19063085396344137,0.09964433256689796
Male,Age+height,P5,P25,170.7,0.036802081947465703,0.02693421308540641,0.046669950809525,0.19063085396344137,0.09964433256689796
Male,Age+height,P5,P50,175.5,0.04699489498831133,0.03794980191538619,0.05603998806123647,0.19063085396344137,0.09964433256689796
Male,Age+height,P5,P75,180.2,0.055258187307862444,0.04116883905618587,0.06934753555953901,0.19063085396344137,0.09964433256689796
Male,Age+height,P5,P90,184.2,0.04408940964741136,0.028597424486443798,0.059581394808378915,0.19063085396344137,0.09964433256689796
Male,Age+height,P10,P10,166.4,0.08683184897740846,0.07054620999711408,0.10311748795770284,0.6726248137839572,0.6205849073927754
Male,Age+height,P10,P25,170.7,0.08966724171870967,0.07182803093179205,0.10750645250562729,0.6726248137839572,0.6205849073927754
Male,Age+height,P10,P50,175.5,0.0976541999545454,0.08301493170468562,0.11229346820440518,0.6726248137839572,0.6205849073927754
Male,Age+height,P10,P75,180.2,0.10139657104678826,0.08315691559822627,0.11963622649535025,0.6726248137839572,0.6205849073927754
Male,Age+height,P10,P90,184.2,0.09500143509073224,0.07516781292560568,0.1148350572558588,0.6726248137839572,0.6205849073927754
