sex,tail,metric,m,estimate,standard_error,df,conf_low,conf_high,p_value,unweighted_n,z_correlation,percent,percent_low,percent_high
Female,P10,Age+height only low,5,0.027740985961151068,0.003082068633148624,9035.372710290758,0.021699433126970893,0.033782538795331246,2.69682131505538e-19,5939,0.9090252222633864,2.7740985961151066,2.169943312697089,3.3782538795331245
Female,P10,Age-only only low,5,0.03554948554311168,0.002990145322274285,198464.28121589316,0.02968887266107487,0.04141009842514849,1.386972272628989e-32,5939,0.9090252222633864,3.554948554311168,2.968887266107487,4.141009842514849
Female,P10,Both low,5,0.05098265506173774,0.0041130159591446095,567046.9994588429,0.04292127470691909,0.059044035416556395,2.795439370766129e-35,5939,0.9090252222633864,5.0982655061737745,4.292127470691909,5.90440354165564
Female,P10,Mean absolute delta z,5,0.3504317523499705,0.0047465268652642075,10078.056653076761,0.3411276132267161,0.3597358914732249,0,5939,0.9090252222633864,NA,NA,NA
Female,P10,Neither low,5,0.8857268734339995,0.005642330922143112,134497.06116814644,0.874668008516923,0.896785738351076,0,5939,0.9090252222633864,88.57268734339995,87.4668008516923,89.6785738351076
Female,P10,Total reclassified,5,0.06329047150426276,0.004005346833032679,13458.079318993518,0.05543942987637952,0.07114151313214599,9.625567863896608e-56,5939,0.9090252222633864,6.329047150426276,5.543942987637952,7.114151313214599
Female,P5,Age+height only low,5,0.009192353803019094,0.0015766131121909656,41633.06132514859,0.006102159046854162,0.012282548559184026,5.568740081506061e-9,5939,0.9090252222633864,0.9192353803019094,0.6102159046854162,1.2282548559184026
Female,P5,Age-only only low,5,0.01878073743833526,0.0018811543935396055,30858.52596668267,0.015093597956974396,0.022467876919696123,1.9512575119271023e-23,5939,0.9090252222633864,1.878073743833526,1.5093597956974396,2.246787691969612
Female,P5,Both low,5,0.02542893062040866,0.0027572811027210815,13184.12542980902,0.02002426279067874,0.030833598450138583,3.3390513330211605e-20,5939,0.9090252222633864,2.542893062040866,2.002426279067874,3.083359845013858
Female,P5,Mean absolute delta z,5,0.3504317523499705,0.0047465268652642075,10078.056653076761,0.3411276132267161,0.3597358914732249,0,5939,0.9090252222633864,NA,NA,NA
Female,P5,Neither low,5,0.946597978138237,0.0038062515404723948,1623279.9541091518,0.9391378566403277,0.9540580996361463,0,5939,0.9090252222633864,94.6597978138237,93.91378566403277,95.40580996361463
Female,P5,Total reclassified,5,0.02797309124135435,0.0021409460191930763,25875.029482014426,0.02377671785591929,0.032169464626789414,6.860722462738782e-39,5939,0.9090252222633864,2.797309124135435,2.377671785591929,3.2169464626789415
Male,P10,Age+height only low,5,0.03741175748151824,0.0038354131338353592,165035.22380093313,0.02989443074146677,0.04492908422156971,1.7931411720314413e-22,5857,0.8480155120325457,3.7411757481518237,2.989443074146677,4.492908422156971
Male,P10,Age-only only low,5,0.039881812486499024,0.003708367421024705,49559.69880230833,0.03261336838737895,0.047150256585619096,6.041212850011009e-27,5857,0.8480155120325457,3.9881812486499024,3.261336838737895,4.71502565856191
Male,P10,Both low,5,0.056856682542481427,0.003881771551826318,47108808.070441045,0.04924854990921425,0.0644648151757486,1.4063129750610082e-48,5857,0.8480155120325457,5.685668254248142,4.924854990921425,6.446481517574861
Male,P10,Mean absolute delta z,5,0.4464737167356486,0.007366042228860389,2153.374317758729,0.4320284199506154,0.4609190135206818,0,5857,0.8480155120325457,NA,NA,NA
Male,P10,Neither low,5,0.8658497474895012,0.0066378771430767695,58976.94049020715,0.8528394803498509,0.8788600146291514,0,5857,0.8480155120325457,86.58497474895012,85.28394803498509,87.88600146291515
Male,P10,Total reclassified,5,0.07729356996801727,0.005546138134640444,38403.51237423127,0.0664229963628119,0.08816414357322264,4.869884420872757e-44,5857,0.8480155120325457,7.729356996801727,6.642299636281191,8.816414357322264
Male,P5,Age+height only low,5,0.021519737920856933,0.002798030686644313,35644.74456073214,0.016035512323330173,0.027003963518383692,1.4970041177040298e-14,5857,0.8480155120325457,2.1519737920856934,1.6035512323330174,2.700396351838369
Male,P5,Age-only only low,5,0.02264344646759805,0.0020297154154421257,37277.74978840872,0.0186651481838694,0.026621744751326705,7.439347924416257e-29,5857,0.8480155120325457,2.264344646759805,1.8665148183869398,2.6621744751326704
Male,P5,Both low,5,0.02363923260013524,0.0021983535227562585,14495.315897304752,0.0193301790630548,0.02794828613721568,7.232033104042289e-27,5857,0.8480155120325457,2.363923260013524,1.93301790630548,2.794828613721568
Male,P5,Mean absolute delta z,5,0.4464737167356486,0.007366042228860389,2153.374317758729,0.4320284199506154,0.4609190135206818,0,5857,0.8480155120325457,NA,NA,NA
Male,P5,Neither low,5,0.9321975830114096,0.004095069238973551,4064.5374101404445,0.9241690039978687,0.9402261620249506,0,5857,0.8480155120325457,93.21975830114097,92.41690039978687,94.02261620249506
Male,P5,Total reclassified,5,0.044163184388454985,0.0034925838582605347,13061.35895650498,0.037317211414436946,0.05100915736247302,1.952758165768881e-36,5857,0.8480155120325457,4.416318438845498,3.7317211414436944,5.100915736247302
